recipe,bananas,eggs,allpurposeflour,sugar,salt,bakingsoda,vanillaextract,bakingpowder,butter,sour cream,milk,buttermilk,water,wholewheatflour
"Grandma-Isabelle_s-Banana-Bread-Recipezaar",3,2,1.75,1,1,1,0,0.5,0,0,0,0,0,0
"Buttermilk-Banana-Bread-Recipezaar_1",3.5,0,2,2,0,1.5,0,0,0.5,0,0,1.5,0,0
"Tarrah_s-Healthy-Banana-Bread-Recipezaar",4,0,0,0,0,1,1,0,0,0,0,0,0,2
"Banana-Nut-Bread-_lighter-Version_low_cal_-Recipezaar",1.5,2,2,1,0.5,0.75,1,0,0.25,0,0,0,0,0
"Holiday-Banana-Bread-Pudding-Martha-Stewart-239680",2,4,0,0,0,0,2,0,0,0,2.5,0,0,0
"Banana-Tea-Bread-From-The-New-York-Times-Recipezaar",1,2,1.75,0.666666666667,0.5,0.25,0,2,0,0,0,0,0,0
"Cherry-Banana-Bread-Recipezaar",1,2,1.75,0,0.5,0,0,2,0,0,0,0,0,0
"Banana-Walnut-Bread-Pudding-With-Buttery-Rum-Sauce-Food-Network",5,4,0,0,0,0,2,0,5,0,2,0,0,0
"100_-Yummy-Banana-Bread-Recipezaar",3,1,1.5,1,0,1,1,0,0.333333333333,0,0,0,0,0
"Bread-Machine-Banana-Oatmeal-Bread-Recipezaar",1,1,2.5,0,1.5,0,0,0,0,0,0,4,0.25,0
"Prize-Winning-Banana-Nut-Bread-Recipezaar",3,2,2,1.5,0,1.5,1,0,0.5,0,0.25,0,0,0
"Low-Fat-Banana-Bread-Or-Cake-Recipezaar",4,0,1.5,1,0,1,1,0.5,0,2,0,0,0,0
"Mels-Healthy-Banana-Bread-Recipezaar_1",1.33333333333,0,1,0,0.25,1,1,0,0,0,0,0,0,1
"Healthy-Banana-Bread-Food_com-97394",2,4,0,0.666666666667,0,1,1,0,0,0,0,0,0,1.5
"Banana-Cake-or-Bread-Food_com-138085",1,2,2,1.5,0.5,1,1,1,0.5,0,0,0.75,0,0
"Caramel_banana-Bread-Puddings-Epicurious",3,4,0,2.5,0,0,1,0,2,0,0.333333333333,0,0,0
"Never-Fail-Banana-Bread-Recipezaar",3,2,2,1,0.5,1,0,0,0,0,0,0,0,0
"Chocolate-Coconut-Banana-Nut-Bread-Recipezaar",1.5,4,3.5,1,1,0.5,0,4,0,0,0,0,0,0
"Raspberry-Banana-Bread-Allrecipes",1,2,1.75,1.5,1,1,0,0,0,0,0,0,0.333333333333,0
"Banana-Bread-Serious-Eats-46560",3,1,1.5,1,1,1,0,0,0.25,0,0,0,0,0
"Nikki_s-Banana-Bread-Muffins_-Healthy-Recipezaar",4,1,1.5,0,1,1,1,0,0.25,0,0,0,0,0
"Chocolate-Chip-Pecan-Banana-Bread-Recipezaar",1,2,1.5,1,0.25,1,1.5,1,0.5,0,0,0,0,0
"Banana-Bread-Recipezaar_75",3,1,2,1,0.5,0,0,0,0,0,0,0,0.25,0
"Banana-Bread-Recipezaar_76",1,2,1.75,1.5,0.5,1,1,0,0,0,0,0.25,0,0
"Healthy-Banana-Bread-Recipezaar_5",1.5,0,2.5,1.25,1,1,1,0,0,0,0,0.5,0,0
"Banana-Bread-Recipezaar_72",4,2,2,1,1,1,1,1,0,0,0,0,0,0
"Banana-Walnut-Bread-Recipezaar_4",3,4,3.5,3,0.5,2,1,0,0,0,0,0.5,0,0
"Sour-Cream-Banana-Bread-With-Chocolate-Glaze-Food_com-83997",1,2,1.75,1.25,1,1,1,1,3,0.5,0,0,0,0
"Banana-Bread-Recipezaar_78",3,1,1.5,0.5,1,1,0,0,0.25,0,0,0,0,0
"Banana-Walnut-Bread-Recipezaar_3",3,2,1.25,1,0,1,0.5,0,0.5,0,0,0,0,0
"Quick-Banana-Bread-Recipezaar",1,2,0,1,0,0,0,0,0,0,0,0,0,0
"Classic-Banana-Bread-Recipezaar",1,1,2.5,1,1,0,0,3.5,0,0,0.75,0,0,0
"Best-Banana-Bread-Ever_-Seriously_-Food_com-135995",1,1,2,2,1,1,1,1,0.5,0,0,0,0,0
"Quinoa-Banana-Bread_-Regular-Or-Sugar-Free-Recipezaar",2.25,2,0,0,1,1.25,0,0,0.5,0,0,0,0,2
"Insanely-Healthy-Banana-Bread-Recipezaar",2,1,1.5,0,0.5,0.5,0.75,0,0,0,0,0,0,0
"Whole_grain-Zucchini-Banana-Bread-Recipezaar",2,2,0,0.75,0.5,0.5,1,0.5,0,0,0,0,0,0.75
"The-Best-Banana-Bread-_No-Kidding_-Food_com-177705",3,2,2,1,0.25,1,1,0,0,0,0,0,0,0
"Simple-Bisquick-Banana-Bread-Recipezaar",3,2,0,1,0,0,0,0,0,0,0,0,0,0
"Mom_s-Best-Banana-Bread-Recipezaar",1.25,2,1.25,0.666666666667,0.25,0.5,0,0,0.333333333333,0,1.5,0,0,0
"Apple-Banana-Bread-Recipezaar_1",1,2,2,0,0,1,1,1,0.5,3,0,0,0,0
"Banana-Pear-Bread-With-Dates-Recipezaar",2,4,3,1,1,2.5,2,0,1,1,0,0,0,0
"Katy_s-Banana-Bread-Recipezaar",3,1,1.5,0.75,0,0.25,0,1.5,0,0,0,0,0,0
"Awesome-Banana-Bread-Recipezaar",1,2,1.5,1,0.5,1,1,0,0.5,0.5,0,0,0,0
"Blueberry-Banana-Bread-Recipezaar_5",1.5,2,2.5,1.25,1,1,1,0,0.5,0,0,0.5,0,0
"Blueberry-Banana-Bread-Recipezaar_2",1.5,0,2.5,1,1,1,1,0,0,0.5,0,0,0,0
"Banana-Friendship-Bread-Recipezaar",2,3,2,1.5,0.5,0.5,0.5,1.5,0,0,0.5,0,0,0
"Banana-Orange-Nut-Bread-Recipezaar",0.5,3,2.5,0.75,0.75,0,0,4,0,0,0,0,0,0
"Banana-Nut-Bread-Ii-Allrecipes",0.666666666667,2,2.5,1,1,0.5,0,2.5,0,0,0.666666666667,0,0,0
"Tropical-Swirlin_-Spice-Banana-Nut-Bread-Food_com-144889",1,2,0,0,1,0,0,0,2,0,0,0,0,0
"Cardamom-Banana-Bread-With-Pistachios-Recipezaar",1.5,2,2,0,0.5,0.75,0,0,0.25,0,0,0,0,0
"Banana-Bread-1978-Recipezaar",2,2,2,1,0.25,1,0,1,0,0,0,0,0,0
"Banana-Bread-Recipezaar_128",1,2,2,1,0.5,1,0,0.5,0,0,0,0,0,0
"Banana-Bread-Recipezaar_129",3,2,2,0.75,1,1,0,0,0,0,0,0,0,0
"Caramelized-Banana-Raisin-Bread-Pudding-Recipezaar",2,2,0,0,0,0,0,0,1,0,0,0,0,0
"Best_ever-Banana-Bread-Recipezaar_2",2,2,1.75,0,0.5,1,1,0,0,0,0,0.25,0,0
"Best_ever-Banana-Bread-Recipezaar_1",1,2,2,1,0,1,0,0,0.5,0,0,0.5,0,0
"Fat-Free-Banana-Bread-_Vegan_-Food_com-170035",5,0,0,1,0,0.5,1,1,0,0,0,0,0.25,2
"Banana-Bread-Recipezaar_121",2,2,1.5,0.5,1,0.5,0,2,0,0,0,0,0,0
"Banana-Bread---Lightened-up---Spelt-_-Vegan-Food_com-155606",3,0,0,0.5,0,0.5,0,0.5,0,0,0,0,0,0
"Banana-Bread-Recipezaar_127",2,2,1.75,0.666666666667,0,0,0,2.75,0,0,0,0,0,0
"Banana-Bread-Recipezaar_124",1.5,2,2,0.75,0.5,1,2,0.5,0,0,0,0,0,0
"Banana-Bread-My-Recipes_1",4,1,0.5,0,0.125,1,0,1,0,0,0,0,0,1
"Banana-Tea-Bread-Recipezaar",2,2,1.25,0,0,1,1,0,0,0,0,0,0,0
"Double-Banana-Bread-Food_com-69548",1.5,2,1.5,0.5,0.5,0.5,0,2,0,0,0,0,0.25,0
"Honey-and-Whole-Wheat-Banana-Bread-Food_com-105326",4.5,4,0,0,0.5,0,2,0,0,0,0,0,0,0
"Cranky-Banana-Bread-Recipezaar",1,1,1,0,0.25,0,0,1,3,0,0.25,0,0,0
"Yummy-Banana-Bread-Recipezaar_3",2.33333333333,2,2,0,0.25,1,0,0,0.5,0,0,0,0,0
"Lower-Fat-Banana-Bread-I-Allrecipes",1,2,1.66666666667,0.666666666667,0.5,1,0,0.25,0,0,0,0,0.25,0
"Banana-Bread-_-Vegan-Recipezaar_1",1,0,2,1,0.5,1,1,0,0.5,0,0.25,0,0,0
"Cream-Cheese-Banana_cranberry-Bread-Recipezaar",2,2,1.5,1.5,0.5,0.5,0.5,0.5,0.75,0,0,0,0,1.5
"Jif-Banana-Bread-Recipezaar",1,1,2.5,0,1,0,0,3.5,0,0,0.75,0,0,0
"Best-Banana-Bread-Ever-Food_com-133256",3,4,3.25,2.33333333333,0.5,2,2,0,0,0.25,0,0,0,0
"Banana_date-Flax-Seed-Bread-Recipezaar",0.666666666667,2,1.5,0.5,0.5,0.5,0,0.5,0,0,0,0,0,0
"Banana-Chocolate-Oatmeal-Bread-RecipeZaar-59338",1.5,2,1.5,0.25,0.5,1,1,0,0.25,0,0,0.25,0,0
"Easy-Banana-Bread-Food_com-139066",1,0,2,1,0,0,0,2,0,0,0,0,0,0
"No-Sugar-Added-Peachy-Banana-Bread-Food_com-107587",2,1,1,0,0.25,0.5,0.5,0.25,0,0,0,0,0,0
"Yet---Another-Banana-Bread-Food_com-76851",1,2,1,0.75,0.5,1,0,1.5,0.333333333333,0,0.5,0,0,1
"Banana-_-Pumpkin-Bread-_-Nuwave-Oven-Recipezaar",3,2,0,0,0,0,0,0,0,0,1,0,0,0
"Cake-Mix-Banana-Bread-Recipezaar_1",3,3,0,0,0,0,0,0,0,0,0,0,0,0
"Best-Banana-Bread_-Recipezaar",1,2,1.5,1,0.5,1,1,0,0,0.5,0,0,0,0
"Bob_s-Red-Mill-Easy-Gluten-Free-Banana-Bread-Recipezaar",1.5,2,0,0,0.5,0,1,2,0,0,0,0,0,0
"Easy-Banana-Bread-Food_com-217997",1,1,2.5,1.25,1,0,0.25,3,0,0,0.75,0,0,0
"Raspberry-Banana-Bread-Recipezaar",1,2,1.75,1.5,1,1,0,0,0,0,0,0,0.333333333333,0
"Chocolate-Banana-Bread-Pudding-Recipezaar",2,4,0,1,0,0,1,0,0,0,2,0,0,0
"Chocolate-Banana-Bread-Recipezaar",2,1,0,0,0.5,0.5,0.5,0,0,0,2,0,0,0
"Amazing-Banana-Bread-Food_com-147234",3,2,2,0,0.5,1,1,1,0.5,0,0.333333333333,0,0,0
"Jan_s-Multi_bran-Peach_-Banana-Bread-Recipezaar",1,2,1.5,0.75,0,1,0,0,0,0,0,0,0,0
"Chocolate-Banana-Bread-Pudding-With-Marshmallows-Food_com-112652",0,3,0,1,0,0,2,0,0,0,0,0,0,0
"Alice_s-Banana-Bread-Recipe-Chow-57374",0,2,2,1,0.5,1,1,0,0.5,0,0,0,0,0
"Chocolate-Banana-Bread-Food_com-74775",1,2,2,1,1,1,1,0,0.5,0,0.25,0,0,0
"Chocolate-Chip-Banana-Bread-Recipezaar_5",1.5,2,1.75,0.5,0.25,1,0.5,0.5,0.5,0.5,0,0,0,0
"Banana-Plum-Bread-AllRecipes-40144",1.5,2,2.75,0.5,0,0.5,0,1.5,0,0,0,0,0,0
"Banana-Nut-Bread-Food_com-136126",1.25,1,2.5,0,1,0,0,3.5,0,0,0,0,0,0
"Marbled-_-Chocolate-Banana-Bread-Recipezaar",1.5,2,2,1,0.5,0.75,0,0,0.25,0.333333333333,0,0,0,0
"Delicious-Banana-Bread-Recipezaar",3,2,2,1,0.5,0.5,1,0.5,0.5,0,0,0,0,0
"Peanut-Butter-_-Chocolate-Chips-Banana-Bread-Recipezaar",3,2,1,0,0.5,1,1,0,0,0,0,0,0,1
"Dad_s-Famous-Banana-Bread-Food_com-168454",4,2,2,1,0,1,0,0,0,0,0,0,0,0
"Raised-Banana-Oatmeal-Bread-Recipezaar",2,0,0,0,1.5,0,0,0,0.25,0,0,1,0,0
"Cinnamon-Pumpkin-Banana-Bread-Recipezaar",2,2,0,0.75,0.25,0.5,1,1.5,0,0,0,0,0,2
"Banana-Bread-Pudding-from-Williams-Sonoma-Food_com-71123",2,4,0,0.5,0,0,0,0,0,0,0,0,0,0
"Blueberry-Banana-Bread-Or-Muffins-Recipezaar",3,2,1.5,0.333333333333,0.5,0,2,2,0,0,0,0,0,0
"Chocolate-Banana-Bread-Allrecipes_1",1,2,2,1,1,1,1,0,0.5,0,0.25,0,0,0
"Banana-Nut-Yeast-Bread-_bread-Machine_-Recipezaar",0.5,1,0,3,0.75,0,0,0,1,0,0.666666666667,0,0,0
"Bet-On-It-Banana-Bread-By-Marjie-Lapagna-Recipezaar",4,4,4,0,1,1,2,0,0,0,0,0.666666666667,0,0
"Mom_s-Banana-Bread-_goes-Fast_-Recipezaar",1,2,2,0.5,0.5,0.5,0,2,0.25,0,0,0,0,0
"Danish-Banana-Bread-Recipezaar",2,2,1.5,1,1,2,0.5,0,0,0,0,0,0,1.5
"Low-Fat-Banana-Nut-Bread-Food_com-68952",2,0,0,0,1,1,2,0,0,0,0,0,0,3
"Old-Fashioned-Banana-Bread-Pudding-Food_com-86916",1,3,0,2,0.25,0,2,0,3,0,0.75,0,0,0
"Easy-Banana-Bread-Recipezaar_5",3,1,1.5,0.75,1,1,1,0,0.333333333333,0,0,0,0,0
"Allie_s-Spicy-Banana-Bread-Recipezaar",1,2,2,1,0.5,1,1,0,0.5,0,0,0,0,0
"Easy-Banana-Bread-Recipezaar_6",2,1,2,0.5,0.5,1,0,0,0,0,0,0,0,0
"Banana-Bread-With-Splenda-Recipezaar",1,2,1.75,0,0.25,0.5,0,2,4,0,0,0,0,0
"Almost-No-Fat-Banana-Bread-Food_com-175689",4,1,3,1,1,1,1,2.5,0,0,0,0,0,0
"Easy-Banana-Bread-Recipezaar_2",2,4,3.5,3,1.5,1.5,1,1,0,0,0,0,0.666666666667,0
"Sweet-Banana-Bread-Allrecipes",1.33333333333,2,1.75,0.666666666667,0.75,0.5,0,1.25,0,0,2,0,0,0
"Banana-Nut-Bread-Food-Network-212387",5,2,1,0.5,0.25,0.5,0,1.5,5,0,0,0.25,0,0
"Banana-Bread-In-A-Jar-Recipezaar",2,4,3.5,2.66666666667,1,2,1,1,0,0,0,0.666666666667,0,0
"Nanna_s-Banana-Bread-Allrecipes",2,2,2,1,0.125,1,1,1,0,0,0,0.5,0,0
"Whole-Wheat-Honey-Banana-Bread-_for-Bread-Machine_-Recipezaar",2,1,1.5,0,0.5,0,0,0,1,0,0,0,0.666666666667,1.5
"Zucchini-Banana-Bread-Recipezaar_1",3,3,3.5,0,1,0,2,2,0,0,0,0,0,0
"Chocolate-Banana-Bread-MyRecipes-214531",0.75,2,0,0,0,1.5,0,2,0,0,0,0,0,0
"Peanut-Butter-_n_-Banana-Bread-Food_com-83389",2,1,2.5,0.5,0.75,0,1,1,2,0,1,0,0,0
"Banana-Bread-With-Chocolate-Chips-Food_com-79547",3,2,2,1,0.5,1,0,0,0.5,0,0,0,0,0
"Low-Fat-Soy-Banana-Bread-Recipezaar",4,1,0,0,0,1,0,1,0,0,0,0,0,0.5
"Sassy_s-Awesome-Banana-Bread-Recipezaar",2,4,1.5,1,1,0,1,4,0,0,0,0,0,2
"Mom_s-Banana-Bread-Recipezaar_14",1,2,1.5,1.25,0.25,1,1,0,0.5,4,0,0,0,0
"Mom_s-Apricot-Banana-Bread-Recipezaar",1,2,1.25,0.666666666667,0.5,0.5,0,1,0,0,0,0.25,0,0
"Lower-Calorie-Banana-Bread-Recipezaar",3,2,2,0,0.125,1,0,0,0.666666666667,0,0,0,0,0
"Banana-Carrot-Bread-Recipezaar_1",2,1,1,0,0.25,1,1.25,1,0,0,0,0,0,1
"Banana-Peach-Bread-Recipezaar",1,2,2,1.5,0.5,1,1,0.5,0,0,0,0,0,0
"Low-Fat-Double-Chocolate-Banana-Bread-Food_com-136778",4,4,1.5,1,1,2,2,0,0,0,0,0,0,1
"Double-Chocolate-Banana-Bread-Recipezaar_1",2,1,2,0,0.5,0.25,0,1,0,0,0,0,0,0
"Banana-Nut-Bread-Baked-In-A-Jar-Allrecipes",2,4,3.33333333333,2.66666666667,1.5,2,0,0.5,0,0,0,0,0.666666666667,0
"Banana-Nut-Bread-Baked-In-A-Jar-Recipezaar",2,4,3.33333333333,2.66666666667,1.5,2,0,0.5,0,0,0,0,0.666666666667,0
"Virginia_s-Banana-Bread-Recipezaar",2,2,2,1,0.25,1,1,0,0,0,0,0,1,0
"Oatmeal-Banana-Cinnamon-Bread-Allrecipes",0.75,0,0,1,1,0,1,0,0,0,0,0,0.5,0
"Whole-Grain-Kefir-Banana-Bread-Recipe-Chow-48325",3,0,0,0,0,2,0,2,0,0,0,0,0,0
"Rogene_s-Banana-Nut-Bread-_-See-Sharon_s-Note-Recipezaar",3,2,2,1,0.5,1,0,0,0.5,0,0,0,0,0
"Banana-Bread-Food_com-140496",3,2,3,2,0,1.5,0,0,0.5,0,0,0,0,0
"Chocolate-Banana-Bread-Food_com-73006",1,0.25,2,0.75,0.25,1,2,0,0,0,0,0.75,0,0
"Strawberry-Banana-Bread-Pudding-Food-Network",9,2,0,0,0,0,0,0,0,0,1.25,0,0,0
"Banana-Macadamia-Bread-Recipezaar",3,2,2,0,1,0,0,0,0,0,0,0,0,0
"Weight-Watchers-West-Indies-Banana-Bread-Recipezaar",3,1,2.5,0.5,0.5,0,1,1,0,0,0,0,0,0
"Banana-Nut-Bread-Food_com-111470",1,1,0.333333333333,0.666666666667,0,0,0,0,0,0,0.5,0,0,0
"Best-Vegan-Banana-Bread-Recipezaar",3,0,2,0.75,1,0,0,1,0,0,0,0,0,0
"_mom_s-Amazing-Banana-Bread_-Food_com-63059",3,2,2,0.5,0.25,1,0.5,0,0.5,0.25,0,0,0,0
"My-Mother_s-Banana-Bread-Recipezaar",1.5,2,2,1,0.5,1,0,1,0.5,0,0,0,0,0
"Banana-Pineapple-Cashew-Bread-Recipezaar",2,2,0.5,0,0.5,0.5,1,0.5,0,0,0,0,0,1
"Banana-Bread-French-Toast-MyRecipes-265455",0,2,0,0,0,0,2,0,1,0,1,0,0,0
"Mini-Banana-Breads-Recipezaar",1.5,2,2.5,1.25,1,1,1,0,0.5,0,0,0.5,0,0
"Coconut-Banana-Bread-Recipezaar_1",1.5,2,2,1,0,0.75,1,0.75,0.5,0,0,0,0,0
"Mel_s-Banana-Bread-Recipezaar",1,2,1.5,1.25,0,1,1,0,0,0.25,0,0,0,0
"Quick-Banana-Bread-Recipezaar_1",1,1,1.75,0.666666666667,0.5,0,0,2.25,0,0,0,0,0,0
"Low-Fat-Apple-Banana-Raisin-Bread-Recipezaar",3,0,2.5,0,0.5,1,1,2,0,0,0,0,0,0
"Gluten-Free-Banana-Bread-Recipe-Leite_s-Culinaria-45832",4,2,0,0,0,1,2,0,0.5,0,0,0.666666666667,0,0
"Banana-Nut-Bread-Food_com-94038",3,2,2,1,0.5,1,0.5,0.5,0,0,3,0,0,0
"Super-Antioxidant-Blueberry-Banana-Chocolate-Chip-Bread-Recipezaar",2,2,3,2,0.5,1.5,0.5,1.5,0.25,0,0,1.25,0,0
"Unique-and-Yummy-Banana-Crunch-Bread-Food_com-86754",1,2,2,3,1,0,1,2,0.25,0,0,0,0,0
"Banana_raisin-Whole-Wheat-Bread-Recipezaar",1.5,2,0,0,1,1,1,0,0,0,0,0,0,2.5
"The-Easiest-Bisquick-Banana-_nut-_-Bread-Recipezaar",1.33333333333,3,0,0.666666666667,0,0,0.5,0,0,0,0.25,0,0,0
"White-Chocolate-Chip-Cranberry-Banana-Bread-With-Coconut-Flour-Food_com-90497",2,0,2,0,0.5,0.5,1,1,0,0,0,0,0,0.5
"Caramel-Macchiato-Banana-Bread-AllRecipes-39674",2,2,2,0.666666666667,0.125,1,1,1,6,0,0,0,0,0
"Pumpkin-Banana-Cranberry-Bread-Recipezaar",3,2,3,0,1,1,1.5,1.5,0,0,0,0,0,0
"Banana-Oatmeal-Honey-Bread-Recipezaar",1,0,0.5,0,0.25,0.5,1,1.5,0,0,0,0,0,1
"Pineapple-Banana-Coconut-Bread-Food_com-71092",0.5,2,2,1,0.5,0.5,0,1,0.5,0,0,0,0,0
"Dee_s-Chocolate-Banana-Bread-Recipezaar",2,2,1.5,1.33333333333,0.5,1.5,0,1,0,0,0,0,0,0
"Easy-Homestyle-Banana-Bread-Recipezaar",3,2,1.25,0,0,1,1,0,0.5,0,0,0,0,0
"Buttery-Banana-Nut-Bread-Recipezaar",1,2,1.75,0.5,0,0.25,0,2,0.333333333333,0,0,0,0,0
"Pumpkin-Banana-Zucchini-Spice-Bread-Recipezaar",0,4,3,1.5,0,2,2,1,0.5,0,0.5,0,0,0
"Peanut-Butter-Cream-Cheese-Banana-Nut-Bread-_Healthier-Verison_-RecipeZaar-59706",1.5,2,0.25,0.25,0.5,0.5,0.5,0.5,0.25,0,0,1,0,0
"Macadamia-Banana-Bread-Recipezaar",1,2,0,0,0,0,1,0,0,0,0,0,0,0
"Simple-Banana-Bread-Recipezaar_2",5,3,2,1,0,1,0,0,0.5,0,0,0,0,0
"Better-Homes-and-Gardens-Banana-Bread-Food_com-94986",3,1,1.5,0.75,0.125,0.25,0,1.5,0,0,0,0,0,0
"Banana-Apple-Nut-Bread-Recipezaar",3,2,2,0.5,0.5,0,0.5,1,0.5,0,0.25,0,0,0
"Lemony-olive-oil-banana-bread-308645",1.5,2,1,0.75,0,0.75,1,0,0,0,0,0,0,1
"Delicious-And-Easy-Banana-Bread-Or-Muffins-Recipezaar",3,0,2,1,1,1,0,0,0.5,0,0,0,0,0
"Low-Calorie-Banana-Oatmeal-Bread-Recipezaar",4,1,2,0,0,1,0,2,0,0,0,0,0,2
"Banana-Bread-Sticks-Recipezaar",2,2,0,0,0,1,1,3.75,0,0,0,0,0,0
"Banana-Bread-_low-Fat_-Low-Sugar_-Whole-Wheat_-Recipezaar",2,2,0.75,0.333333333333,0.5,0.5,0,2,0,0,0,0,0,0.75
"Whole-Wheat-Healthy-Banana-Bread-Recipezaar",4,0,0,0,0,1,1,1,0.333333333333,0,0,0,0,1.5
"Banana-Farina-Bread-Recipezaar",1.5,2,0,0,0.5,0,0,4,0,0,0,0,1.5,0
"Simple-Vegan-Banana-Bread-Recipezaar",4,0,0,0.666666666667,0.5,0,1,1,0,0,0,0,4,2
"Mary-Ann_s-Banana-Bread-Recipezaar",3,2,2,1.5,0,1,0,0,0.5,0,0,0.5,0,0
"Low_fat-Full_flavor-Banana-Bread-Recipezaar",4,2,1.75,0.5,0.25,0.75,2,2,0,0,0,0,0,0
"Guatemalan-Banana-Bread-Recipezaar",4,0,3,0,0.5,0,0.5,2,0.5,0,0,0,0,0
"Maple-Syrup-Banana-Bread-RecipeZaar-60027",1,2,1.5,0.25,1,0.25,0,2,0,0,0,0,0,0
"Healthy-Wheat-Banana-Bread-Recipezaar",3,2,0,0,0.5,0.5,2,1,0,0,0.5,0,0,0
"Yeah_-But-My-Vegan-Banana-Bread-Has-No-Soy_-No-Margarine-Either-Recipezaar",2,0,2.5,1,1,1,1,0,0,0,0,0,0.5,0
"Banana-Brioche-Bread-Pudding-Food-Network-228158",3,3,0,0,0,0,0,0,0,0,0,0,0,0
"Mother_s-Banana-Nut-Bread-Recipezaar",1.5,1,2,1,0.5,0,0,2,0,0,0,2,0,0
"Super-Moist-Super-Easy-Banana-Bread-_-Oamc-Recipezaar",3,4,4,2,1,0,0.5,4,1,0,0,0,0,0
"Whole-Wheat-Banana-Bread-Recipezaar_2",3,2,1,1,0.5,1,0,0,0.5,0,0,0,0,1
"Kona-Inn-Banana-Bread-Recipezaar",2,4,2.5,2,1,2,0,0,0,0,0,0,0,0
"Gluten_free-Teff-Banana-Bread-_vegan-_-Soy_free_-Recipezaar",2,0,0,0,0,1,2,2,0,0,0,0,0,0
"Banana-Bread_-Muffins-Recipezaar",2,4,2.5,1,1,2,0,0,0,0,0,0,0,0
"Banana-Nut-And-Ginger-Bread-Allrecipes",1,2,3,0,1,2,1,0,0,0,0,0,0,0
"One-Pan-Banana-Bread-Recipezaar",1.5,3,0,1,0,0,0.5,0,0,0,0,0,0,0
"Banana-Bread-Recipezaar_113",1.5,2,2.25,0,1,1,1,1,0.5,0,0,0,0,0
"Banana-Bread-Recipezaar_111",3,1,2.5,1,1,0,0,3.5,0,0,0.75,0,0,0
"Banana-Bread-Recipezaar_110",3,2,0,1,0.5,1,0,0,0.5,0,0,0,0,0
"Banana-Bread-Recipezaar_116",1,2,2,1,1,0.5,0,1,0,0,0,0,0,0
"Banana-Bread-Recipezaar_115",3,2,2,0.75,0.5,0.25,0,2,0,0,0,0,0,0
"Banana-Bread-Recipezaar_114",0.75,2,1.25,1,0.5,1,0,0,0,0,0,0,0,0
"Banana-Bread-Recipezaar_119",1,2,1.75,0.666666666667,0.5,0.25,0,1,0.5,0,0,0,0,0
"Banana-Bread-Recipezaar_118",2,2,0,1,0,0,0,0,0,0,0,0,0,0
"Banana-Tea-Bread-Food_com-149132",3,2,2,1,0.25,1,1,0,0,0,0,0,0,0
"Healthy-But-Oh_so_damn_good-Banana-Bread-Recipezaar",3,2,1,0.5,0,1,1,0,0,0,0,0,0,0
"Spelt-Banana-Bread-Recipezaar",1,0,0.75,0.75,0.125,0.5,0,1.25,0,0,0,0,0,0
"Banana-Bread-With-Cashews-_pao-De-Banana_-_-Portuguese-Mozambiq-Recipezaar",1,3,2,1.33333333333,0.25,0.25,0.5,2,0.5,0,3,0,0,0
"Whipped-Up-Nutmeg-Banana-Bread-_eggless_-Recipezaar",1,0,0,0.666666666667,0,0.25,0,2,0,0,0,0,0,0
"Banana-Applesauce-Bread-Food_com-168753",2,2,1.5,1.5,0,1,0,0,0.5,0,4,0,0,0
"Banana-Bread-With-Protein-_Chickpeas_-Food_com-65799",2,2,1,0.25,0,1,0.5,0,0,0,0,0,0,0
"Coconut-Chocolate-Chip-Banana-Bread-Food_com-94368",1,2,1.5,1,0.5,0.5,0.5,1.5,0.5,0,0,0,0,0
"Pat_s-Cranberry-Banana-Bread-Recipezaar",2,2,1.5,1,0.5,0,0,0.5,0.25,0,0,0,0,0
"Barb_s-Banana-Nut-Bread-MyRecipes-242769",3,2,1,1,0.5,1,1,0,0,0,0,0,0,0
"Banana_nut-Bread-Recipezaar",0.75,2,3,1.5,0.5,0.5,0,2,0.75,0,0.25,0,0,0
"Healthier-Yogurt-Banana-Bread-Recipezaar",1,2,0.75,1,0.5,1,1.5,0,0,0,0,0,0,0.75
"Nana_s-Banana-Bread-Recipezaar_2",1,1,2,0.666666666667,0.5,0.5,0,1,0,0,3,0,0.333333333333,0
"Banana-Yogurt-Bread-Recipezaar",1,1,2,0.5,0.5,0.5,1,1.5,0,0,0,0,0,0
"Pomegranate_-Banana-And-Pistachio-Bread-Recipezaar",1,1,2,0.75,0.5,0,0,2.5,0,0,0.333333333333,0,0,0
"The-Best-Banana-Cake-_-Bread-Recipezaar",4,2,2,1.5,0,1,1,0,0,0,0,4,0,0
"Peanut-Butter-Banana-Bread-Recipezaar_3",1.5,1,1.5,0,0,1,0,0,0.5,0,0,0.25,0,0
"Eggless-Coffee-Banana-Bread-Food_com-137528",1,0,1.5,1,1,1,0.75,1,0.25,0,0,0,0,0
"Banana-Bread-from-the-New-York-Times-Natural-Foods-Cookbook-Food_com-147547",1.25,1,0.5,0,0,1,0,0,0,0,0,0.333333333333,0,1
"Moist-Banana-Bread-Recipezaar_2",3,2,2,1,0,0.5,0,1.5,0.5,1.5,0,0,0,0
"Banana_raisin-Oat-Bread-Recipezaar",1,1,0,0,2,0,0,0,3,0,0.666666666667,0,0,1
"Microwave-Banana-Bread-Pudding-Recipezaar",1,1,0,0,0,0,0.5,0,0,0,1,0,0,0
"Moist-Banana-Bread-Recipezaar_4",1,2,1.75,1.5,0.5,1,0,0,0,0,0,0.333333333333,0,0
"Moist-Banana-Bread-Recipezaar_5",1,2,1.5,1,0.5,0.5,1,1,0.5,0,0,0,0,0
"Amazing-Banana_nut-Bread-Recipezaar",1.5,2,2.5,1.25,0.5,0.25,1,2,0,0,0,0.5,0,0
"Only-One-Vegan-Banana-Bread-Recipezaar",3,0,2,0.75,0.5,0.5,0.25,0,0,0,0,0,0,0
"Easy-Banana-Nut-Bread-Recipezaar",3,2,0,0.75,0,0,0.5,0,0,0,0,0,0,0
"Banana-Walnut-Bread-Recipezaar",1,0,1.5,0.666666666667,0.5,1,1,0,0.25,0,0,0,0,0
"Grandma_s-Banana-Nut-Bread-Recipezaar",3,2,2.5,1,1,1,0,1,0.5,0,0,0.333333333333,0,0
"Wheat_free_-Dairy_free-Banana-Bread-Recipezaar",1.5,2,0,0,0,2,1,0,0,0,0,0,0,0
"Banana-Nut-Bread-Recipezaar_11",3,1,2,1,1,1,0,0,0.5,0,0,0,0,0
"Banana-Nut-Bread-Recipezaar_10",3,2,2,1,0,0.5,0,1.5,0.5,1.5,0,0,0,0
"Banana-Nut-Bread-Recipezaar_12",1,2,4.75,0.75,1,0,0,0,0,0,0,0,0.333333333333,0
"Banana-Nut-Bread-Recipezaar_15",1,2,2,1,0.5,1,1,0,0,0,0,0,0,0
"Banana-Nut-Bread-Recipezaar_14",3,2,2,2,1,0.5,0,2,0,0,0,0.333333333333,0,0
"Banana-Nut-Bread-Recipezaar_17",1,3,2.5,1,0.5,0.25,0,3,0.5,0,0,0,0,0
"Banana-Nut-Bread-Recipezaar_16",2,2,0,0,0.25,0,0,1,0.5,0,0,0,0,0
"Banana-Nut-Bread-Recipezaar_19",5,4,1.5,1,1,1,0,2,0,0,0,0,0,0
"Banana-Bread_-Diabetic-Food_com-87913",5,4,2,0,0,2,0,0,0,0,0,0,0,0
"Reese_s-Peanut-Butter-Chocolate-Chip-Banana-Bread-Food_com-280318",2.5,2,2,0,0.25,1,1,0,0.5,0,0,0,0,0
"Whole-Wheat-Date-Walnut-Banana-Bread-Recipezaar",1,2,0,0,0.5,2,2,1,0,0,0,0,6,2.66666666667
"Low-Fat-Banana-Nut-Bread-Recipezaar",2,2,1.75,0,0.5,0.25,1,2,0,0,0,0,0,0
"Joyce_s-Unbeatable-Banana-Bread-Recipezaar",2,2,1.5,1,0.5,1,0,0,0,0,0,0,0,0
"Pear-Banana-Bread-Food_com-72156",2,2,2,0.5,0,1,1,0,0.5,0,0,0,0,0
"Banana-Nut-Raisin-Bread-For-Abm-Recipezaar",2,0,3.5,2,1,0,0,0,2,0,1,0,0,0
"Low-Fat-Banana-Spelt-Bread-Recipezaar",4,2,0,0,0.25,1,0,0,0,0,0,0,0,0
"Banana-Bread-Latte-Recipezaar",0,0,0,0,0,0,0,0,0,0,7,0,0,0
"Michelle_s-Banana-Chocolate-Gorilla-Bread-Food-Network-283669",2,0,0,0,0,0,0,0,8,0,0,0,0,0
"Peanut-Butter_chocolate-Chip-Banana-Bread-Recipezaar",2,1,2.5,0.5,0.75,0,1,1,0,0,0,0,0,0
"Low-Fat-Banana-Bread-Recipezaar",3,4,3.5,0,1,1,1,2,0,0,0,0,0,0
"Banana-Bread-Food_com-88013",1,2,1.75,0.75,0.5,0,0,1,0,0,0,0,0,0
"Healthy-Banana-Nut-Bread-Recipezaar_1",9,0,0,1.5,1.5,3,6,0,0,0,0,0,0,3
"Banana-Peanut-Butter-Bread-Recipezaar",2,1,0,0,0.5,1,1,0,0,0,0,0,0,1.5
"Five-Ingredient-Miracle-Whip-Banana-Bread-Recipezaar",1,0,2,0.75,0,2,0,0,0,0,0,0,0,0
"Buttermilk-Banana-Bread-Food_com-162695",1,1,1,0.75,0,0.5,0.5,1,2,0.5,0,0,0,0.5
"Healthy-Banana-Nut-Bread-Food_com-70832",0.75,2,0.75,0.333333333333,0.25,0.5,1,1,0,0,0,0,0,0
"Roasted-Pecan-Banana-Bread-Loaves-AllRecipes",1.5,2,1.5,1,0.25,1,1.5,1,0.5,0,0,0,0,0
"Mom_s-Banana-Bread-Recipezaar_3",1,2,1.75,0.666666666667,0.5,0.5,0,2,0,0,0,0,0,0
"Buttermilk-Banana-Bread-Recipezaar",1.25,2,2,1.33333333333,0,1,1,1,0.5,0,0,0.5,0,0
"Moist-Banana-Bread-Recipezaar",2,2,1.66666666667,1,1,1,0,0,0,0,2,0,0,0
"Banana-Bread-With-Chocolate-Recipezaar",3,2,1.5,0,0,1,1,0,0,0,0,0,0,0
"Zucchini-Banana-Bread-Recipezaar_3",1,1,1.5,1,0.5,0.5,0.5,0.5,0,0,0,0,0,0
"Banana-Nut-Bread-I-Allrecipes",1.5,3,3,2.5,0,1.5,1,1.5,0,0,0,1.25,0,0
"Baby-Bear_s-Whole-Wheat-Banana-Bread-Recipezaar",2,4,0,0,1,2,0,0,0,0,0,0,0,3
"Liisa_s-Best-Banana-Nut-Bread-_-Really_it_s-That-Good_-Recipezaar",3,2,2,1,0.5,1,0.5,0.5,0,0,3,0,0,0
"Another-Vegan-Banana-Bread-Food_com-76647",3,0,0,0.75,1,1,0,1,0,0,0.5,0,0,0
"Very-Moist-Banana-Nut-Bread-Recipezaar",4,3,2.25,2,0.5,1.33333333333,1,0,0,0,0,0.25,0,0
"Mom_s-Banana-Bread-Recipezaar_6",6,4,3.5,3,0.25,2,1,0,1,0,0,1,0,0
"Heavenly-Banana-Bread-Recipezaar",2,1,1.33333333333,0,0,1,1,1,0.5,0,0,0.333333333333,0,0
"Delicious-Low-Fat-Banana-Bread-With-Chocolate-Chips-Recipezaar",3,2,1.75,0,0.5,0.5,0,1.25,1,0,0,0,0,0
"Banana-Caramel-Bread-Pudding-Recipezaar",2,3,0,0.333333333333,0,0,0,0,0.25,0,1,0,0,0
"Christmas-Banana-Bread-TasteOfHome",1.25,2,2,1,0.25,1,0,0,0.5,0,0,0,0,0
"Egg-Free-Banana-Bread-Food_com-105009",2,0,0.75,0,0,0,1,0,0,0,0.5,0,0,0
"Coconut_pineapple-Banana-Bread-Recipezaar",2,2,2,0,0.5,0.75,1,0,0,0,0,0,0,0
"William-Shatner_s-Banana-Nut-Bread-Recipezaar",3,2,0,0,0.25,1.5,0,0,0.5,0,0,0,0,1.75
"Christmas-Banana-Bread-Recipezaar",3,2,1.25,1,0.5,1,0,0,0.5,0,0,0,0,0
"Cathy_s-Banana-Bread-Allrecipes",1,2,2,1.33333333333,0.25,1,1,1,0,1,0,0,0,0
"Healthy-Banana-Bread-Food_com-107848",5,1,0,0,1.5,1.5,0,1.5,0,0,0,0,0,0
"Blueberry-Banana-Bread-Recipezaar_4",1,2,2,0.666666666667,0.5,0.25,0,2,0.25,0,0,0,0,0
"Yes_-Another-Banana-Bread_muffin-Recipe-Recipezaar",4,3,1.5,1.5,1.5,1,1,0,0,0,0,0.75,0,3
"Peanut-Butter-Banana-Sandwich-Bread-Puddings-With-Dark-Caramel-S-Food_com-128245",2,2,0.25,2,0.125,0,1,0,2,0,0,0,0,0
"Egg_free-Chocolate_banana-Loaf-_bread_-Mini_loaves_-Muffins_-Recipezaar",0.75,0,1.5,0.5,0.25,1,2,0,0,0,0,0,0,0
"Cranberry_banana-Bread-Recipezaar",2,4,3.5,1.33333333333,1,0.5,0,4,0,0,0,0,0,0
"Mango-Banana-Bread-Recipezaar_1",1,0,0,0,1,0,0,0,0,0,0,0,0,0
"Raisin-Banana-Bread-TasteOfHome",0.5,3,3,2,1,0.5,2,1,0,0,0,0,0,0
"Banana-Zucchini-Spelt-Bread-With-Rainier-Cherries-Recipezaar",3,4,1,1.25,1,1.5,1,1.5,0,0,0,0,0,0
"Best-Of-Kansas-Banana_walnut-Bread-Recipezaar",2,2,2,1.5,0.5,1,1,0,0,0,0,0.25,0,0
"Banana-Bread-Recipezaar",2,2,0,0.666666666667,0,0,0,0,0,0,0,0,0,0
"Banana_oatmeal-Bread-Recipezaar_2",1,2,1.5,0.666666666667,0.25,0.25,1,1.5,0,0,0,0.333333333333,0,0
"Whole-Wheat-Chocolate-Chip-Banana-Bread-Recipezaar",2,2,0,0.75,0.25,0.75,1,0,0.25,0,0,0,0,2
"Coconut-Banana-Bread-With-Lime-Glaze-Recipezaar",1.5,2,2,0,0.5,0.75,0.5,0,0.25,0,0,0,0,0
"dairy-free-whole-grain-banana-bread-Recipe-Chow-48486",5,2,0,0.666666666667,0.5,0.5,1,1,0,0,0,0,0,0
"Banana-Bread-Sticks-For-Baby-Recipezaar",1,2,1.75,0,0,0.5,0,2,0,0,0,0,0,0
"_beat-This_-Banana-Bread-Recipezaar",6,4,0,2,1,2,0,0,1,0,0,0,0,0
"Banana-Oat-Bread-_bread-Machine_-Recipezaar",4,0,2.5,0,1,0,0,0,0,0,0,0,0.5,0
"Yummy-Healthy-Banana-Bread-Recipezaar",4,0,1.5,0.5,0.5,1,0.5,0,0,0,0,0,0,0
"Chocolate-Chocolate-Banana-Bread-Food_com-129641",1,2,2,1,0.5,1,1,0,0.5,0,0.333333333333,0,0,0
"Sour-Cream-Banana-Bread-Recipezaar",3,0.5,1.5,1,0.5,1,0,0,0,0.5,0,0,0,0
"Chocolate-Banana-Bread-Recipezaar_5",3,2,2,1,1,1,1,0,0.5,0,0.25,0,0,0
"Chocolate-Banana-Bread-Recipezaar_6",0.5,1,1.5,0.5,0.5,0.5,0,0,0.25,0,2,0,0,0
"Chocolate-Banana-Bread-Recipezaar_3",3,2,2,0,0,0,0,1.5,0.5,0,0,0,0,0
"Banana-Bread-Pancakes-Recipezaar",2,0,0,0,0,0,0,0,0,0,0,2,1,0
"Apple-Butter-Banana-Bread-Food_com-125681",0.5,2,3,0.25,0.25,0.25,0,1.5,2,0,0,0,0,0
"Banana-Bread-Recipezaar_48",2,2,1,1,0.25,0,1,0,0.25,0,0,0,0,1
"Banana-Bread-Recipezaar_49",3,0,0,0,0.25,1.5,1,0,0,0,0,0,0,0
"Banana-Macadamia-Nut-Bread-Recipezaar",2,2,1.75,0,0.5,0,0,1,0.5,0,0,0,0,0
"Zucchini-Banana-Oat-Bread-_low_er_-Carb_-Recipezaar",2,3,0,0,1,2,1,2,0,0.5,0,0,0,3
"Banana-Bread-Recipezaar_41",3,0,1.5,0.75,0,0.25,0,3.5,0,0,0,0,2,0
"Banana-Bread-Recipezaar_42",1,2,1.75,0.666666666667,0.5,0.25,0,2,0.333333333333,0,0,0,0,0
"Banana-Bread-Recipezaar_43",3,2,2,1,0.5,0.5,0.5,0.25,0.75,0,0,0,0,0
"Banana-Bread-Recipezaar_45",3,2,1.25,1,0.5,1,0,0,0.5,0,0,0,0,0
"Banana-Bread-Recipezaar_47",2,2,1,0,1,0,1,0,0.25,0,0,0,0,1
"Banana-Bread-With-Cinnamon-Crumble-Topping-Recipezaar",1,2,1.5,0,0.5,1,0,0,0,0,0,0,0,0
"Orange-Banana-Nut-Bread-TasteOfHome",1.25,2,3,1.5,0.5,1.5,0,1.5,0,0,0,0,0,0
"Banana-Bread-_-Yummy-Recipezaar",3,1,2,0,0,0,0.5,0,0,0,0,0,0,0
"Banana-Tea-Bread-Recipezaar_3",1,2,1.75,0.666666666667,0.5,2,0,0.25,0,0,0,0,0,0
"Banana-Zucchini-Applesauce-Bread-Food_com-63473",3,1,0.666666666667,0,0.25,1.5,0,1.5,0,0,1,0,0,0
"The-Best-Banana-Bread-_cook_s-Illustrated_-Recipezaar",3,2,2,0,0.5,0.75,1,0,6,0,0,0,0,0
"Banana-Pecan-Bread-By-Tyler-Florence-Recipezaar",4,2,2,0,0.5,1.5,1,0,0.75,0,0,0,0,0
"Low-Fat-Banana-Bread-Food_com-204139",5,2,2,0,0.25,1,1,0,0,0,0,0,0,0
"Hazelnut_-Chocolate-and-Banana-Rolled-Bread-Food_com-99212",2,0,0,1,0,0,0,0,0,0,0,0,1,0
"Ponderosa-Banana-Chocolate-Bread-Recipezaar",3,2,3,2,0,2,1,2,1,1,0,0,0,0
"Banana-Bread-1-Recipezaar",1,2,2,0,0.25,1,0,0,0.5,0,0,0,0,0
"Gramma_s-Banana-Bread-Muffins-Recipezaar",2,1,1.5,0.75,0.25,1,1,0,0.25,0,0,0,0,0
"Banana-Blueberry-Bread-My-Recipes",1,2,1,0.5,0.5,0.25,0,0.5,0,0,0,0,0,0.5
"Chocolate-Bourbon-Spiked-Banana-Bread-Recipe-Leite_s-Culinaria-287065",1.5,2,2,0,0.5,0,0,1,0.5,0,0,0,0,0
"Light-Banana-Bread-Food_com-181015",1.5,3,3,0,0.75,1,1.5,1,0.75,0,0.333333333333,0,0,0
"Banana-Blueberry-Bread-Recipezaar_1",1,1,2,2,0.5,0.5,0,1,6,0,0,0,0,0
"Low-Fat-Banana-Bread-W_splenda-Recipezaar",4,0,1.5,0,0.5,1,0.5,0,0.5,0,0,0,0,0
"Vegan-Low_fat-Banana-Bread-Recipezaar",2,0,1,0.5,0.25,0.75,0,0,0,0,0,0,0,1
"Banana-Coconut-Tea-Bread-Recipezaar",1,2,2,0.666666666667,0.5,0.5,0,1,0.333333333333,0,3,0,0,0
"Banana-Bread-Food_com-95386",4,0,1.25,0.5,0,0,0,0,0,0,0,0,0,0
"Low-Fat-Banana-Nut-Bread-Food_com-188015",3.5,2,2.66666666667,0,0.25,1.5,1,0,0,0,0,0,0,0
"Bread-Machine-Banana-Nut-Bread-Yeast-1-Lb-Food_com-97457",2,1,1,0,0.5,0,1,0,0,0,0,0,0,0.5
"Banana-Bread-Recipezaar_2",1,2,1.75,0.666666666667,0.5,0.25,0,1,0.5,0,0,0,0,0
"Bananas-and-Cream-Bread-_For-Bread-Machines_-Food_com-72304",0.75,0,0,1,1,0,0,0,0,0.75,0,0,0.25,0
"Baked-_-Banana-Bread_-Oatmeal-Recipezaar",2,1,0,2,1,0,1,0,0,0,1.5,0,0,0
"Banana-Cream-Of-Wheat-Bread-Recipezaar",1.5,2,0,1,0.5,0,0,4,0,0,0,0,1.5,0
"Yogurt-Banana-Bread-Recipezaar",3,2,0,0,0.5,0,0,1,0.5,0,0,0,0,2
"Cinnamon-Banana-Bread-Recipezaar_1",2,1,1.75,0.666666666667,0.25,0,0,0,0,0,0,0,0,0
"Low_calorie-Banana-Bread-Recipezaar",1,1,0.75,0,1,0,1,1,1,0,0,0,0,0
"Banana-Walnut-Buttermilk-Bread-Recipezaar",4,2,1.5,1.5,0,1,1,0,0.5,0,0,0.333333333333,0,0
"Spiced-Banana-Bread-Allrecipes",4,2,2,1,0.5,1,1,1.5,0.5,0,0,0,0,0
"Banana-Bread-Recipezaar_126",2,2,1.75,1,0.5,0.5,0,1,0.5,0,0,0,0,0
"Banana-Raisin-Peanut-Bread-Recipezaar",1,2,2,0,0.25,0.5,0,1,0,0,3,0,0,0
"Banana-Wheat-Bread-_bread-Machine_-Recipezaar",2,1,0,0,0.5,0,0.5,0,0,0,0,0,0,1.5
"Braided-Banana-Date-Nut-Bread-_ABM_-Food_com-163266",0.5,1,0,0.25,0.5,0,0,0,3,0,3,0,3,0
"Moist-Banana-Pecan-Bread-Recipezaar",2,2,2,0,0.5,0,0.5,2,0.5,0,0,0,0,0
"Chocolate-Zucchini-Banana-Bread-Recipezaar",1,3,0,2,1,1,3,0,0,0,0,0,0,3
"Banana-Coconut-Bread-Food_com-101789",2,2,2,1,0.5,1,0,0,0,0,0,0,0,0
"Banana-Nut-Yeast-Bread-TasteOfHome",1,2,5,0.5,0.5,0,0,0,0.333333333333,0,0.333333333333,0,0,0
"Easy-Delicious-Banana-Bread-Food_com-69972",4,2,2,0,0.5,1,0,0,0.5,0,0,0,0,0
"One-Pan-Banana-Bread-Food_com-164729",1.5,3,0,1,0,0,0.5,0,0,0,0,0,0,0
"Reduced-Cal-Splenda-Banana-Bread-Recipezaar",1.25,0,1.33333333333,0,1,0.5,2,1,0,0,0,0,0,0
"Montessori-School-Banana-Bread-Recipezaar",5,4,3.5,1.33333333333,1,0.5,0,4,0,0,0,0,0,0
"Cream-Cheese_banana_nut-Bread-Recipezaar",1.5,2,1.5,1,0.5,0.5,0.5,0.5,0.25,0,0,1,0,0
"Healthy-Banana-Bread-_low-Calorie_-Low-Fat_-Low-Sugar-Food_com-162636",4,0,0,0,0,2,1,2,0,0,0.333333333333,0,0,1.5
"Honey-Banana-Whole-Wheat-Bread_bread-Machine-Recipezaar",1,1,0,0,0.5,0,0.5,0,1,0,0,0,0,1
"Honey-Banana-Bread-Recipezaar",1,0,0,0,0,0.75,0,1.5,0,0,0,0,0,2
"Coca-Cola-Banana-Bread-Recipezaar",2,4,3.25,0,0.375,0,2,2,0.5,0,0,0,0,0
"The-Best-Banana-Bread-Allrecipes",1.5,2,2,1,0,1,0,0,0,0,0,0,0,0
"Banana_nut-Chip-Bread-TasteOfHome",1.5,3,2.25,1.25,1,1,1,1,0,0,0,0,0,0
"Mom_s-Banana-Bread-Food_com-66443",1.5,2,0,0,1,1,1,0,0,0,0,0,0,2.5
"Whole-Wheat-Oat-Banana-Bread-Recipezaar",3,1,0,0,0,1,1.5,1,0,0,0,0,0,1.25
"Moist-Banana-Bread-Recipezaar_3",2,3,1.5,1.75,0.125,1,1,0,0.5,3,0,0,0,0
"Favorite-Banana-Bread-Recipezaar",1,2,0,1,0,0.5,0,1.5,0.25,0,0,0,0,0
"Nana_s-Banana-Bread-MyRecipes-265736",3,2,1.75,0,0.5,1,0.5,0,0.5,0,0,0.25,0,0
"Low-Fat-Banana-Bread-Recipezaar_1",1,0,0.75,0.5,0,0.25,0,2,0,0,0,0,0,0
"Miriam_s-Banana-Nut-Bread-Recipezaar",1,2,1.75,0.5,0.5,0.5,0,1,0.333333333333,0,0,0,0,0
"Mrs_-April_s-Banana-Bread-Recipezaar",3,2,2,1,1,1,0,0,0.5,0,0,0,0,0
"Whole-Wheat-Banana-Bread-Recipezaar_4",2,4,0,2,1,2,0,0.5,0,0,0,0,0,0
"Pineapple-Banana-Bread-Recipezaar",0.666666666667,1,1,0.666666666667,0.5,0.5,0.5,0.125,0,0,0,0,0,0
"Banana_blueberry-Bread-Machine-Bread-Recipezaar",0.666666666667,1,0,0.25,1,0,0,0,0,0,0,0.75,0,0
"Favorite-Bake_off-Banana-Wheat-Quick-Bread-Recipezaar",1.5,1,1.25,1,1,1,0,0,0,0,0,0,0,0.5
"Instant-Banana-Bread-Food_com-104612",4,4,0,0,0,0,0,0,0,0,0,0,0,0
"Banana-Sour-Cream-Nut-Bread-With-Glaze-Food_com-171088",1,2,2.75,1,0.5,1,1,1,0.666666666667,0.5,0,0,0,0
"Non_fat-Banana-Bread-Recipezaar",4,0,0,0.5,0.5,1,0.333333333333,0.25,0,0,0,0,0.333333333333,1.66666666667
"Banana-Nut-Chocolate-Chip-Bread-Recipezaar",1,1,2,0.75,0.5,0.25,0,2.5,0.333333333333,0,0,0.5,0,0
"Lisa_s-Superb-Banana-Walnut-Bread-Recipezaar",3,1,1,0,0,1,2,0.5,4,0,0,0,0,0
"Nthochi-_banana_-Bread-Recipezaar",5,1,2,1,1,0,0,1,0,0,1,0,0,0
"Low-Fat-Secret-Ingredient-Banana-Bread-Recipezaar",2,0,1,0,0.25,0.5,1,0.5,0,0,0,0,0,1
"Winter-Squash-Banana-Bread-Food_com-110619",1,3,3,2,1,2,2,1.5,0,0,0,0,0,0
"Healthy-Banana-Orange-Flax-Bread-_low-Fat_-Recipezaar",1,1,0.5,0.5,0,0.5,0.5,1.5,0,0,0,0,0,0
"Mels-Basic-Banana-Bread-Recipezaar",1.33333333333,2,2,1,0.25,1,1,0,0,0,1,0,0,0
"Deliciously-Simple-Banana-Bread-Food_com-97766",2,1,1,0.5,0.25,1,0,0,0,0,0,0,0,0
"Low-Fat-Banana-Bread-Recipezaar_4",5,2,2,0,0.25,1,1,0,0,0,0,0,0,0
"Barkin-Banana-Bread-For-Dogs-Recipezaar",2,2,1.5,0,0,0,0,2,0,0,0,0,0,0
"Cream-Cheese-Banana-Bread-_Moist_-Food_com-287438",3,2,2,0.5,0.5,1,1,0.5,0,0,0,0,0,0
"Banana-Bread-With-Coconut-Milk-Recipezaar",4,2,2,0,0,2,0,2,0,0,0,0,0,0
"Banana-Bread-MyRecipes-247870",1,1,1.5,0.75,0,0.25,0,1.5,0,0,0,0,0,0
"Peanut-Butter-Banana-Sandwich-Bread-Puddings-With-Dark-Caramel-Sauce-MyRecipes-212110",2,2,0,0,0,0,0,0,0,0,0,8,0,0
"Moist-Banana-Walnut-Bread-Recipezaar",4,2,2,1.5,0.75,1,1,0,0.75,0,0,0.5,0,0
"Low-Calorie-Whole-Wheat-Banana-Bread-Recipezaar",2,0,0.75,0,0.25,1,1,0,0,0,0,0,0,1
"Pineapple-Banana-Bread-TasteOfHome",2,3,3,2,1,1,2,0,0,0,0,0,0,0
"Banana-Coconut-Macadmia-Bread-Recipezaar",2,2,2,0.75,0.5,1,1,0,0.5,0,0,0,0,0
"The-Healthy-Version-Of-Going-Bananas-Bread-Recipezaar",2,2,1,0.75,0.5,2,0,0,0,0,0,0,0,1
"Yet-Another-Banana-Bread-Recipe-Recipezaar",2,4,2.5,2,1,2,1,0,0,0,0,0,0,0
"Banana-Wheat-Bread-Allrecipes",1.5,2,0,0,1,1,1,0,0,0,0,0,0,0
"The-Best-Banana-Bread-Recipezaar_1",3,2,2,1.5,0.75,1,1,0,0.75,0,0,0.5,0,0
"Bananas-Foster-Bread-Pudding-Recipezaar_2",4,5,0,1,0,0,0,0,1.5,0,0,0,0,0
"Blueberry-_-Banana-Bread-Recipezaar",1,2,0,0.666666666667,0,0,0,0,0,0,0.25,0,0,0
"Double-Chocolate-Banana-Bread-Recipezaar",1.25,2,1.5,1,0,1,1,0,0,0,0,0,0,0
"Banana-Chip-Bread-_lower-Fat_-Recipezaar",3,2,1.75,0,0.5,0.5,0,1.25,1,0,0,0,0,0
"Scrumptious-Banana-Bread-Recipezaar",1,2,1.75,0,0.75,1,0,0,0,0,0,0,0.5,0
"Banana-Nut-Bread-Food_com-173745",0.75,0,3,3,1,0,0.5,0,2,0,1,0,0.75,0
"Uncle-Dobo_s-Special-Banana-Blueberry-Bread-Recipezaar",3,2,0,0,0.125,0,0,0,0,0,0,0,0,0
"Vegan-Chocolate-Chip-Banana-Bread-Recipezaar",4,0,1.5,0.5,1,1,1,0,0,0,0,0,0,0
"Low-Fat-Stevia-Banana-Bread-Recipezaar",2,2,0,0,0.25,1,1,0,0,0,0,0,0,2.25
"Banana_lemon-Tea-Bread-Recipezaar",1.5,2,2,1,1,1,0,0,0.666666666667,0,0,0,0,0
"Strawberry_banana-Bread-Recipezaar",3,2,1.5,0,0.5,1,1,0,0.5,0.5,0,0,0,0
"Low-Fat-Banana-Bread-Recipezaar_6",3,1,0.75,0,0.25,0.5,1,1.25,0,0,0,0,0,0.75
"Banana-Bread-Recipezaar_84",4,2,2,0,0.5,1,1,0,8,0,0,0,0,0
"Banana-Bread-Recipezaar_86",4,0,0,0.25,0.5,1,1,0,1,0,0,0,0,0
"Banana-Bread-Recipezaar_80",3,1,1.5,1,0.5,1,1,0,0,0,0,0,0,0
"Banana-Bread-Recipezaar_81",1,2,1.75,0.666666666667,0.5,0.75,0,0,0,0,0,0,0,0
"Banana-Bread-Recipezaar_82",1.5,2,2,0.75,0.5,1,2,0.5,0,0,0,0,0,0
"Banana-Bread-Recipezaar_83",3,1,1.5,1,0.5,0.75,0,1,0.5,0,0,0,0,0
"Banana-Bread-V-Allrecipes",1,1,2,1,0.5,0.5,0,1,0,0,5,0,0,0
"Banana-Bread-Recipezaar_88",1,0,1.5,0.75,0,0.5,0,1.25,0,0,0,0,0,0
"Sour-Cream-Banana-Bread-Recipezaar_5",3,2,2,1,0.5,0.5,1,1,0.5,0.5,0,0,0,0
"Banana-Bread-MyRecipes-204810",0.25,0,0.5,3,0,0.25,0.25,0.25,0,0,0,0,0,0
"Sour-Cream-Banana-Bread-Recipezaar_3",2.5,3,2,0,0,0,2,1,0.5,0.333333333333,0,0,0,0
"Sour-Cream-Banana-Bread-Recipezaar_2",1,2,1.5,1,0.5,1,1,0,0,0.5,0,0,0,0
"Banana-Nut-Pina-Colada-Bread-Recipezaar",2,4,3.5,2,0,0,2,1,1,0,0.25,0,0,0
"The-Worlds-Bestest-Banana-Bread-Recipezaar",1.5,1,1.75,0.5,0.5,1,1,0.25,5,0,0,0,0,0
"Whole-Wheat-_-Soymilk-Banana-Bread-Recipezaar",1,2,1,0.666666666667,0.25,0.5,0,2,0,0,0,0,0,0
"Val_s-Banana-Bread-Food_com-79564",4,2,2,0,1,1,1,0,0.5,0,0,0,0,0
"Banana-Bread-_yeast-Risen_-Recipezaar",1,2,4.75,0.75,1,0,0,0,0,0,0,0,0.333333333333,0
"Aunt-Peg_s-Banana-Bread-Recipezaar",4,2,1.25,1,0.5,1,0,0,0.5,0,0,0,0,0
"Delicious-Low-Sugar-Banana-Bread-Recipezaar",2,3,0.75,0.75,2,2,2,0,0,0,0,0,0,0
"Katie_s-Healthy-Banana-Bread-Recipezaar",1,0,2,0,0.5,0.5,0,2,0,0,0,0,0,0
"Nancy_s-Banana-Bread-Recipezaar",3,1,1.5,0.5,0,1,0,0,0.5,0,0,0,0,0
"Banana-Bread-Oatmeal-Recipezaar_2",1,0,0,0,0.125,0,0,0,0,0,0,0,1.5,0
"Sugar-Free_-Gluten-Free_-Low-Fat-Peanut-Butter-Banana-Bread-Recipezaar",3,0,0,0,0,1,2,0.5,0,0,0,0,0,0
"Flax-Banana-Bread-Recipezaar_1",1,2,1.75,0,0.5,0.5,0,1,0,0,0,0,0,0
"Banana-Oatmeal-Bread-Recipezaar",2,1,2,0,0.5,0.5,0,1,0,0,0,0,0,0
"Banana-Bread-Martha-Stewart-191095",1,2,1.5,0,1,1,1,0,0.5,0.5,0,0,0,0
"Banana-Chocolate-Chip-Bread-Pudding-_Vegan_-Food_com-145881",3,0,0,0,0,0,1,0,0,0,0,0,0,0
"Banana-Bread-Recipezaar_12",2.33333333333,2,2,0,0.25,1,0,0,0.5,0,0,0,0,0
"Banana-Bread-Recipezaar_11",1,2,2,1,0.5,1,1,0,0.5,0,0.25,0,0,0
"Banana-Bread-Recipezaar_10",1,2,1.75,1.5,0,1,0,0,0,0,0,0.333333333333,0,0
"Banana-Bread-Recipezaar_17",1.5,0,2.5,1.25,1,1,1,0,0,0,0,0.5,0,0
"Banana-Bread-Recipezaar_16",2,2,2,1,1,0.5,1,2,0,0,0.5,0,0,0
"Banana-Bread-Recipezaar_14",4,2,2.5,1.25,1,1,1,0,0.5,0,0.5,0,0,0
"Mrs_-Kurtz_s-Banana-Bread-Allrecipes",1.5,1,1.5,1,0.25,0.75,0,0,0,0,0,0,0,0
"Peanut-Butter-Banana-Bread-Recipezaar_1",3,2,2,1,0,0,2,1,0.5,0,0,0,0,0
"Banana-Bread-Recipezaar_18",3,2,2,0,0.5,0.75,1,0,6,0,0,0,0,0
"Very-Low-Calorie-Banana-Bread-Food_com-123735",2,0,0.25,0,1,0,1,1,0,0,2,0,0,0
"Banana_nut-Corn-Bread-TasteOfHome",1,0,0,0,0,0,0,0,0,0,1,0,0,0
"Hungry-Girl_s-Banana-Bread-Pudding-Recipezaar",2,0,0,0,0,0,2,0,0,0,0,0,0,0
"Nana_s-Banana-Bread-Food_com-149149",3,2,1.75,0.5,0.5,1,0.5,0,8,0,0,0.25,0,0
"Low-Fat-Vegan-Banana-Bread-Recipezaar",1,0,0.5,0,0.5,0.25,0,2,0,0,0,0,0.5,1
"Chocolate-Banana-Bread-Recipezaar_8",1,2,2,1,1,1,1,0,0.5,0,0.25,0,0,0
"Jamaican-Banana-Bread-Recipezaar_1",3,1,2,0.5,1,0,1,1,0,0,0,0,0,0
"Banana-Chocolate-Chip-Bread-Recipezaar",1,1,2.25,1,0,1,1,0,0,0,0,0,0,0
"Low-Calorie-Banana-Bread-Recipezaar_1",3,2,2,0,0.5,1,1,1,3,0,0,0,0,0
"Banana-Bread-Recipezaar_100",3,2,2,0,0.5,1,0.5,0.5,0,0,3,0,0,0
"Banana-Bread-Recipezaar_103",3,1,1.5,1,1,1,0,0,0,0,0,0,0,0
"Banana-Bread-Recipezaar_105",1,2,1.75,0.666666666667,0.5,0,0,2.75,0,0,0,0,0,0
"Banana-Bread-Recipezaar_106",3,2,2,1,0.125,1,0.5,0,0.5,0,0,0,0,0
"Banana-Bread-Recipezaar_107",1.5,2,2.5,1.25,1,1,1,0,0.5,0,0,0.5,0,0
"Banana-Bread-Recipezaar_108",1,1,2,1,0.5,0.5,0,1,0,0,5,0,0,0
"Banana-Bread-Recipezaar_109",3,2,2,1,0.5,1,0,0,0.5,0,0,0,0,0
"Bangin_-Banana-Bread-AllRecipes",2.5,2,2,0.5,0,1.25,0.5,0.5,0.5,0,0,0,0,0
"Joy_s-Amazing-Banana-Bread-RecipeZaar-58625",3,2,0,0.666666666667,0.75,0.125,0,1.25,0.333333333333,0,2,0,0,0
"Pennsylvania-Grange-Banana-Nut-Bread---Grange-_-1751-Food_com-134344",1.5,3,3,2.5,0,1.5,1,1.5,0,0,0,1.25,0,0
"Grandma_s-Banana-Bread-Recipezaar_1",1,1,1,0,0,1,0,1,0,0,0,0,0,0
"Oatmeal-Banana-Nut-Bread-Allrecipes",1,2,1.5,0.75,0.5,0.5,1,0,0,0,0,0,0,0
"Banana_nut-Bread-Epicurious",1,2,2,1,0,1,0,0.5,0.5,0.25,0,0,0,0
"Banana-Chocolate-Chip-Nut-Bread-Recipezaar",1,1,2,1,0,0.5,0,1,0.5,0,3,0,0,0
"Banana-Berry-Bread-Recipezaar",1,2,1.75,0.666666666667,0.5,0.25,0,1,0,0,0,0,0,0
"Fat-Free-_almost_-Banana-Bread-Recipezaar",1,2,0,0,0,1,1,0,0,0,0,0,0,1.5
"Kona-Inn-Banana-Bread-Recipezaar_1",3,2,1.25,1,0.5,1,0,0,0.5,0,0,0,0,0
"Banana-Chocolate-Bread-Martha-Stewart-241052",1.5,2,1.66666666667,1.25,0,1,1,0,0.5,2,0,0,0,0
"Banana-Nut-Bread-Recipezaar_28",3,4,0,0,0,0,0,0,0,0,0,0,0.5,0
"Banana-Nut-Bread-Recipezaar_29",1.5,3,3,2.5,0,1.5,1,1.5,0,0,0,1.25,0,0
"Dora-Benston_s-Pioneer-Banana-Bread-Recipezaar",3,1,1.5,1,1,1,1,0.5,0.5,0,0,0,0,0
"Banana-Nut-Bread-Recipezaar_25",1.5,2,2,1.5,1,1,1,0,0.75,0,0,0,0,0
"Banana-Nut-Bread-Recipezaar_20",1,3,3,2.5,1,0.75,2,0,0,0,6,0,0,0
"Banana-Nut-Bread-Recipezaar_21",5,4,3,2.5,0,1.5,2,0,0,0,0,6,0,0
"Banana-Nut-Bread-Recipezaar_22",1.33333333333,1,2.5,0,0.5,1,0,0,5,0,0,0,0,0
"Banana-Nut-Bread-Recipezaar_23",3.5,4,4,0,0,0,0,4,0,0,0,0,0,0
"Aunt-Pat_s-Banana-Bread-Food_com-110220",1,1,0,0.75,0,0,0,0,0,0,0,0,0,0
"Gingerly-Molasses-Christmas-Banana-Bread-Food_com-140139",2,1,1.5,0,0,1,0,0,0,0,0,0,0,0
"Grandma_s-Banana-Bread-Recipezaar_2",3,1,2,1,1,1,0,0,0,0,0,0,0,0
"Plain-Ol_-Banana-Bread-_-Vegan-Recipezaar",3,0,2,0.5,0.5,0.5,1,0,0,0,0,0,0,0
"Amazing_-Banana-Bread-Food_com-98596",0.75,2,1,1,0.5,0.75,0,0,0,0,0,0,0,0
"Best-Banana-Bread-Ever-Recipezaar_1",1,2,0,1,0,0,0,0,0,0,0,0,0,0
"Banana-Bread-MyRecipes-236128",2,1,0,4,0,0,1,0,0,0,180,0,0,0
"The-Best-Banana-Bread-Recipezaar",1,2,2,0,0.5,1,0,0.5,0.5,0,0,0,0,0
"Peanut-Butter-Streusel-Topped-Cream-Cheese-Banana-Nut-Bread-MyRecipes-229383",1.5,2,3,2,0.5,0.5,0.5,0.5,0.75,0,0,0,0,0
"The-Very-Best-Banana-Cranberry-Bread-Recipezaar",2,2,1.25,1,0.5,0.75,1,0,0,0,0,0,0,0
"Banana-Bread-Cookies-Ii-Recipezaar",2,0,0,1,0.5,0,1,1,0,0,0,0,0,1
"Low-Fat-Banana-Bread-Remake-_-_-Recipezaar",4,1,0.75,0.75,0,1,1,1.25,0,0,0,0,0,0.75
"Banana-Bread-Viii-Allrecipes",3,0,1.5,1,1,1,0,0,0,0,0,0,0,0
"Old-Fashioned-Yeasted-Banana-Nut-Bread-Recipezaar",5,0,0,0,2,0,0,0,0,0,0,0.5,0,2
"Banana-Bread-Food_com-94212",3,2,0.75,1,0,1,0,0,0.5,0,0,0,0,0
"Microwave-Tofu-Banana-Bread-Allrecipes",2,0,0,0,0,0,0,0,0,0,0,0,0,0
"Low-Sugar-Banana-Bread-Recipezaar",3,2,1.75,1,0.25,0,0,3,0,0,0,0,0,0
"Cinnamon-Topped-Banana-Bread-Food_com-80886",1,1,2,0.75,0.25,0.5,0.5,2,0.5,0,0,2,0,0
"Banana-Bread-Mini-Loaf-Recipezaar",2.5,0,2,0,0.25,1,0,0,0.25,0,0,0,0,0
"Kelly_s-Banana-Bread-Recipezaar",2,1,1.5,1,0,1,0,0,0.25,0,0,0,0,0
"Mamas-Banana-Bread-Food_com-72923",3,2,0,1,0.5,1,1,0,0.25,0,0,0,0,0
"Pear-Banana-Bread-Low_fat-Recipezaar",1,1,1.75,0.5,0,1,1.5,1,0,0,0,0,0,0
"Banana-Banana-Bread-Recipezaar",2.33333333333,2,2,0,0.25,1,0,0,0.5,0,0,0,0,0
"Best-Ever-Sour-Cream-Banana-Bread-Recipezaar",6,4,4,4,0,2.5,2,0,0,1,0,0,0,0
"Banging-Banana-Bread-Food_com-114963",1.5,2,1.66666666667,1,0.5,1,0.5,0.25,0,0,0,0,0.333333333333,0
"White-Chocolate-Banana-Bread-Recipezaar",1.5,2,1.5,0.5,0.5,0.5,0,2,0,0,0,0,0.25,0
"The-Easiest-Banana-Bread-Recipezaar",2,1,0,0,0,0,0,0,0,0,0.75,0,0,0
"Banana_berry-Nut-Bread-TasteOfHome",0.5,2,1.5,1,0.5,0.5,0,0,0,0,0,0,0,0
"Nana_s-Banana-Bread-Recipezaar",1.5,1,1.75,0.5,0.5,1,1,0.25,5,0,0,0,0,0
"Mamaw_s-Banana-Bread-Recipezaar",3,2,0.5,1,0.25,0.75,0,1,0,0,0,3,0,0
"Yum-Yum-Banana-Bread-Recipezaar",3,2,1.5,1,0,1,0,0,0.25,0,0,0,0,0
"Bananas-Foster-Bread-Pudding-Food_com-143833",2,3,0,0,0,0,0,0,0.25,0,4,0,0,0
"5-Minute-Banana-Bread_-Banana-Muffin-Batter-MyRecipes-240407",2,1,1.5,1,1,0,0,0,0.25,0,0,0,0,0
"Banana-Walnut-Bread-Recipezaar_1",1.5,2,2,1.33333333333,1,1.5,1.5,1,0.666666666667,0,0.5,0,0,0
"Banana-Bread-With-Coconut-Rum-Recipezaar",3,1,2,0,0.5,1,0,0,0,0,0,0,0,0
"Jamaican-Banana-Bread-Food_com-180175",1,1,2,0.25,0.125,0.5,1,2,2,0,0,0,0,0
"Mom_s-Banana-Bread-Recipezaar_8",1,1,2,1,0,0.5,0,1,0.5,0,3,0,0,0
"Easiest-Ever-Banana-Bread-Recipezaar",3,2,2,1,0.5,0,0,1,0.5,0,0,0,0,0
"Best-Banana-Bread-Or-Muffins-Recipezaar",4,2,1.5,1,0.5,1,0.5,0,0.5,0,0,0,0,0
"Banana-Bread-_disneyland-Resort_-Recipezaar",2,2,3,2,0.5,2,0.25,0,1,0,0,0,2,0
"Banana-Bread-Foster-Recipezaar",0,0,0,0,0,0,1,0,0.5,0,0,0,0,0
"Mom_s-Banana-Bread-Recipezaar_1",3,1,1.5,1,1,1,0,0,0,0,0,0,0,0
"Tasty-Banana-Bread-Recipezaar",1,0,1.5,0.75,0.125,0.5,0,1.25,0,0,0,0,0,0
"Banana-Nut-Bread-Food_com-115256",1.25,1,2.25,0.75,0.5,0,0,0.5,0,0,0,0,0,0
"Mom_s-Banana-Bread-Recipezaar_4",1,2,2,1,1,0.5,0,2,0.5,0,0,0,0,0
"Mom_s-Banana-Bread-Recipezaar_7",3,2,1.5,1.5,0,2,0,0,0.5,0,0,0,0,0
"Heavenly-Chocolate-Banana-Bread-Recipezaar",3,2,1.5,0.5,0.5,1,1,1,0.5,0,0,0,0,0
"Banana-Coconut-Bread-Recipezaar_1",2,2,1.5,0.5,0.5,1,0,0,10,0,0,3,0,0
"Delicious-Sour-Cream_Banana-Bread-AllRecipes",1,2,2.25,1,0.5,0.5,0,1.5,0.25,1,0,0,0,0
"Hawaiian-Banana-Bread-Recipezaar_1",6,4,2.5,2,1,2,0,0,1,0,0,0,0,0
"Banana-Bread-Food_com-83460",3,0,2,1,0.25,0,0,1,1,0,0,0,0,0
"Easy-Banana-Bread-_-Chocolate-Nut-Recipezaar",3,4,5,2.5,2,2,2,0,1,0,0,0,0,0
"Chocolate-Banana-Bread-_low-Fat_-Recipezaar",2,2,0,0,0,1,0,1,0,0,0,2,0,0
"Whole-Wheat-Banana-Snack-Bread-Recipezaar",1,0,0,0.25,0,1,0,0,0,0,0,0,0,1
"Banana-Bread-Food-Network_1",0.75,2,1.25,1,0.5,1,0,0,0,0,0,0,0,0
"Banana-Bread-Food-Network_2",3,2,2,0,1,1,0,1,8,0,1,0,0,0
"Banana-Bread-Food-Network_3",4,2,2,1,1,1,1,1,0,0,0,0,0,0
"Yummy-Banana-Bread-Recipezaar",2,4,2.5,2,1,2,0,0,1,0,0,0,0,0
"Banana-_-Applesauce-_-Blueberry-And-Walnut-Fat_free-Quick-Bread-Recipezaar",3,0,2,0,0.5,0.75,0,0.75,0,0,0,0,0,0
"Banana-Bread-Recipezaar_9",3,2,8,0,0,0,0,0,0,0,0,0,0,0
"Easy-Lower-Sugar-Banana-Flax-Bread-Food_com-280149",3,3,0,0.25,0,0,1,0,0,0,0,0,0,0
"Banana-Bread-with-Pecans-Food-Network-272391",4,2,2,0,0.5,1.5,1,0,0.75,0,0,0,0,0
"Banana-Bread-Recipezaar_3",3,1,2,1,0.5,1,0,0.5,0,0,2,0,0,0
"5-Minute-Banana-Bread-Food_com-178773",0.666666666667,0,0,0,1,0,0.25,0,0,0,0,0,0,0
"Banana-Bread-Recipezaar_7",1,2,1.25,1,0.5,0.75,0,0,0.5,0,0,0,0,0
"Banana-Bread-Recipezaar_5",1,1,1,0.5,0.5,0.5,0,1,0,0,0.5,0,0,0
"Favorite-Banana-Blueberry-Quick-Bread-Allrecipes",1,2,1.625,1,0.25,1,0,0,0,0,0,0,0,0
"Banana-Bread-MyRecipes-247674",2,2,2,0,0,1,1,1,0.5,0,0,0,0,0
"Mom_s-Banana-Bread-Recipezaar_11",3,2,2,1,0,1,1,0,0.5,0,0,0,0,0
"Pineapple-Banana-Sweet-Bread-Recipezaar",3,3,0,0,0,0,0,0,0,0,0,0,0.5,0
"Banana-Nut-Bread-Recipezaar",4,4,2,2,0,2,2,0,0,0,0,0,0,0
"Whole-Wheat-Banana-Nut-Bread-Allrecipes",1,2,0,0,0.5,1,1,0,0,0,0,0,0,0
"Quick_-Easy_-Healthy_-Yummy-Banana-Bread-Recipezaar",1,1,1.75,0.75,0.5,0.75,0,0,0,0,0,0,0,0
"Strawberry-Banana-Nut-Bread-Recipezaar",3,3,3,1,0.5,0,0,4,0,0,0.5,0,0,0
"Ww-2-Points-_-Pumpkin-Banana-Bread-Recipezaar",2,2,1.25,0,0.5,1,2,0.5,0,0,0,0,0,0
"Banana-Bread-MyRecipes-247479",3,2,2,1,0.5,1,0,0.5,2,0,0,0,0,0
"Whole-Wheat-Banana-Bread-Recipezaar_1",3,2,0,0,0.5,0,1,0,0,0,0,0,0,0
"Beautiful-Banana-Bread-Food_com-145840",2,2,2,1,0.5,0.5,0.5,0,0,0,3,0,0,0
"Good_for_you-Banana-Bread-Recipezaar",1,0,2,0,0.25,0.5,1,0.5,0.25,0,3,0,0,0
"Banana-Bran-Bread-Recipezaar",2,0,0,0,0,0,0,2,0,0,0,0,2,0.75
"Banana-Bread-_vegan_-Recipezaar",1,0,2,1,0.5,0.5,1,0.5,0,0,0,0,0,0
"Old_school-Banana-Bread-Recipezaar",1,2,1,1,0.5,0,0,3,0,0,0,0,0,0
"Cardamom-Banana-Bread-Recipezaar",3,2,1,0,1,1,0,1,0,0,0,0,0,0.75
"Banana-Chai-Bread-Allrecipes",0.75,2,1.75,0.75,0.5,0,0,1,0,0,0,0,0,0
"Best-Banana-Bread-Ever-Recipezaar",1,2,2,1.5,0.5,1,1,1,0,0.5,0.25,0,0,0
"Ww-Banana-Bread-Recipezaar",3,0,0.75,0,0.5,1.5,0,0,0,0,0,0,0,1
"Banana-Sour-Cream-Bread-Recipezaar",1.5,2,2.75,1.33333333333,0.5,1,0,1,0.666666666667,0.5,0,0,0,0
"Cranberry-Banana-Bread-Food_com-153344",3,2,1.75,0.666666666667,0.5,0.25,0,2,0,0,0,0,0.25,0
"Mackinaw-Island-Banana-Bread-Recipezaar",4,2,3,0.5,0.25,1.5,1,0,0,0,0,0,0,0
"Banana-Bread-Cockaigne-Recipezaar",1.25,1,1.5,0.666666666667,0.5,0,0,1.5,6,0,0,0,0,0
"Banana-Nut-Bread-With-Yogurt-And-Whole-Wheat-Flour-Recipezaar",1,0,0,0.666666666667,0,0.5,0,1.25,0,0,2,0,0,1.75
"Nanny_s-Banana-Nut-Bread-Food_com-93527",3,2,2,1,0.5,1,0,0,0.5,0,0,0,0,0
"Banana-Nut-Bread-Recipezaar_8",1.5,2,1.5,0,0.5,0.5,0,0,0.25,0,0,0,0,0
"Del-Monte-Banana-Bread-Food_com-183767",6,4,4,0,0.25,2,0,0,0,0,0,0,0,0
"Vegan-Banana-Bread-Recipezaar",2,1,1,1.25,1,1,1,0,0,0,0,0,4,0
"Banana-Bread-My-Recipes",4,1,0.5,0,0.125,1,0,1,0,0,0,0,0,1
"Lighter-Zucchini-Banana-Bread-Recipezaar",1,4,3,1.5,1,1.5,1,1.5,0,0,0,0,0,0
"Applesauce-Banana-Bread-Recipezaar_1",2.33333333333,2,2,0,0.25,1,2,0,0,0,0,0,0,0
"Applesauce-Banana-Bread-Recipezaar_2",4,2,2,1,1,1,1,1,0,0,0,0,0,0
"A-Bit-of-Everything-Banana-Bread-Food_com-78988",5,3,1.75,1.75,0.5,1.5,1,0,0,0,0,0,0,0
"Banana-Bread-Recipezaar_59",3,2,2,1,0.5,2,0,0.25,0,0,2,0,0,0
"Banana-Bread-Recipezaar_58",1.5,2,2.5,1,0.75,0.5,2,2,0.5,0,0.25,0,0,0
"Banana-Bread-Recipezaar_56",1,0,1.5,0.75,0.125,0.5,0,1.25,0,0,0,0,0,0
"Banana-Blueberry-Oatmeal-Bread-Food_com-110742",2,2,1.5,0.666666666667,0.5,0,0,2.25,0,0,0,0,0,0
"Banana-Bread-Recipezaar_54",1,2,1.33333333333,0.666666666667,0.75,0.5,0,0.25,5.33333333333,0,0,0,0,0
"Banana-Bread-Recipezaar_53",1,2,1.5,1.5,0.25,1,1,0,0.5,4,0,0,0,0
"Banana-Bread-Recipezaar_52",1,0,0,0.5,0.125,0.5,0,1.25,0,0,0,0,0,0
"Banana-Bread-Recipezaar_51",4,0,2.5,1,0,2,1,2,0,0,0,0,0,0
"Abm-Banana-Yeast-Bread-Food_com-69126",3,0,0,0,0.75,0,0,0,2,0,0,0,0,0
"Peanut-Chip-Banana-Bread-Food_com-188259",1,1,2.5,0.5,0.75,0,1,1,2,0,1,0,0,0
"Coconut-And-Macadamia-Nut-Banana-Bread-Recipezaar",1.33333333333,3,2.25,0,1,0.5,1.5,0,0.75,3,0,0,0,0
"Banana-Chocolate-Chip-Bread-_-Breadmaker-1-1_2-Lb_-Loaf_-Recipezaar",0.5,1,0,0,1,0,0,0,0,0,0.5,0,0,0
"Max-And-Mom_s-Over_the_top-Banana-Bread-Recipezaar",3,3,2.5,0,1,1,1,0,0.75,0,0,0,0,0
"Easy-Banana-Nut-Bread-Recipezaar_1",1,2,2,1,0.25,1,0,0,0.5,0,0,0,0,0
"Fabulous-Bundt-Pan-Banana-Bread-Recipezaar",1.5,5,2,2,0,2,0,0,1,0,0,6,0,0
"Banana-Bread-W_chocolate-Chips-Recipezaar",4,2,2,2,1,1,0,0,0,0,0,0,0,0
"Flax-Banana-Bread-Food_com-60958",2,2,1.75,0.75,0,0.5,0,1,0,0,0,0,0,0
"Banana-Nut-Bread-Recipezaar_1",2,2,2,1,1,1,0,0,0,0,0,0,0,0
"Blueberry_banana_oat-Bread-Recipezaar",1,2,0,0.666666666667,0,0,0,0,0,0,0.25,0,0,0
"Peanutbutter-Banana-Bread-Food_com-88855",1,2,2,1,1,1,0,0,0.5,0,0,0,0,0
"Delicious-Raisin-Nut-Banana-Bread-Allrecipes",1,1,1.5,0.5,0.25,1,0,3.5,0,0,0.5,0,0,0
"Sugar-Free-Banana-Bread-_muffins_-Recipezaar",6,2,1.5,0,0.25,1,0,0,0.5,0,0,0,0,1.5
"Super-Moist-Banana-Bread-Recipezaar",1,2,2,1.5,0,1,0,0,0.5,0,0,0,0,0
"Going-Bananas-for-Banana-Bread-Food_com-68735",1,2,1.5,1,1,1,1,0,0.5,0.5,0,0,0,0
"Banana-Bread-Recipezaar_29",1.5,2,0,0,0,0.75,1,0,0.25,0,0,0,0,2
"Banana-Bread-Pudding-Recipezaar",1,0,0,1,0,0,0,0,0,0,0.5,0,0,0
"Banana-Macadamia-Nut-Bread-Allrecipes",0.75,1,0,3,1.25,0,0,0,0,0,0,0,0,0
"Super-Healthy-Whole-Wheat-Honey-Flax-Banana-Nut-Bread-Recipezaar",1,0,0,0,0.25,1,1,0,0,0,0,0,0,1.5
"Banana-Bread-Recipezaar_23",3,1,2,0.5,0,1,1,0,0.25,0,0,0,0,0
"Banana-Bread-Recipezaar_26",3,2,0,0,1,0,0,0,6,0,0,0,0,0
"Simple-Banana-Bread-Recipezaar",2,2,1.25,0.666666666667,0,1,0,0,0,0,0,0,0,0
"Banana-Bread-Recipezaar_24",1,1,0.333333333333,0,0.25,0,1,1,0,0,0.333333333333,0,0,0
"Banana-Bread-Recipezaar_96",2,1,0,0,0,0.25,0,0.75,0,0,0,0,0,0.75
"Banana-Nut-Bread-TasteOfHome",1,1,0,0,0,0,0,0,0,0,0.5,0,0,0
"Mom_s-Deliciously-Moist-Banana-Nut-Bread-Recipezaar",3,2,1.5,1.5,0.5,1,2,0.5,0.5,0,0,0.25,0,0
"Yummy-Banana-Bread-Recipezaar_4",3,1,1,0.5,1,1,0,0,0,0,0,0,0,0
"Cream-Cheese-Walnut-Banana-Bread-Recipezaar",1.5,2,3,2,0.5,0.5,0.5,0.5,0.75,0,0,0,0,0
"Bananas-Foster-Monkey-Bread-AllRecipes",2,0,0,0.5,0,0,1,0,5,0,0,0,0,0
"Choco_chunky-Banana-Bread-Food-Network",3,1,1.5,1,0,0.75,1,0.25,0.5,0,0,0.333333333333,0,0
"Butterscotch-Banana-Bread-Waffles-Recipezaar",2,3,2.25,0,0.5,0.5,0,0.5,0,0,0,0,0,0
"Healthy-And-Tasty-Banana-Bread-Recipezaar",2,2,0,0,0.5,1,0,0,0,0,0,0,0.25,1.75
"Banana-Bread-_Diabetic_-Food_com-86495",3,2,1,0,1,0,0,2,0,0,0,0,0,1
"Banana-Bread-Recipezaar_55",3,0,1.5,0.75,0,0,1,1.5,8,0,1.5,0,0,0.5
"Anne_s-Banana-Bread-Recipezaar",1,2,2,1,1,1,0,0,0,0,7,0,0,0
"Gold-Medal-Flour_s-Best-Ever-Banana-Bread-Food_com-66528",1.5,2,2.5,1.25,1,1,1,0,0.5,0,0,0.5,0,0
"Banana-Bran-Breakfast-Bread-Recipezaar",3,2,1,0,1,1,0,2,0.333333333333,0,0,1,0,0.75
"Low-Fat-Wholesome-Banana-Bread-Recipezaar",2,0,0,0,0.25,1,0,0,0,0,0,0,0,2
"1st-Place-Banana-Nut-Bread-Recipezaar",2.5,4,3.5,2.5,0.25,2,2,0,0,0,0.5,0,0,0
"Banana-Bread-_Vegan_-Food_com-172466",5,0,0,1,0,0.5,1,1,0,0,0,0,0.25,0
"Best-Banana_oat-Bread-Recipezaar",1,2,2,0.25,0.5,0.5,0,2,0,0,0.5,0,0,0
"Whole-Grain-Kefir-Banana-Bread-Recipezaar",3,0,0,0,0,2,0,2,0,0,0,0,0,1
"Mother_s-Banana-Bread-MyRecipes-247526",3,2,2,1,0.5,1,0,0,0,0,0,0,0,0
"Banana_coconut-Bread-Recipezaar",1,2,2,0.75,0.5,0.25,0,2,0.333333333333,0,0,0,0,0
"Stacey_s-Homemade-Banana-Bread-Recipezaar",1,2,1.5,0,1,1,0,0,0,0,0.5,0,0,0
"Ashley_s-Healthy-_whole-Wheat-Oatmeal_-Banana-Bread-Recipezaar",3,2,0,0.5,0.5,0.75,1.5,0,0.125,0,0,0,0,1
"Healthy-Banana-Oat-Bread-Recipezaar",2,2,1.5,0.75,1,2,0,4,0,0,0,0,0,1
"Angie_s-To-Die-For-Banana-Bread-AllRecipes-38657",4,4,3.5,2,1,2,2.5,0,0.5,0.5,0,1,0,0
"Banana-Bread-Iv-Allrecipes",5,4,3.5,2.5,1,2,1,0,0,0,0,0,0,0
"Oat_chip-Banana-Bread-TasteOfHome",1.5,2,2,1,1,1,0,1,0,0,0,0,0,0
"Banana-Split-Bread-TasteOfHome",1.5,4,3.5,1.25,0.5,1,0,2.5,0,0,0,0,0,0
"Baby-Food-Banana-Bread-Recipezaar",3,2,2,0,0.25,1,1,0,0.5,0,0,2,0,0
"Chocolate_banana-Bread-Pudding-Recipezaar",3,2,0,0,0,0,2,0,1,0,1,0,0,0
"Vegan-Banana-Chocolate-Spice-Bread-Food_com-162857",2,0,0,0,0.5,0,1.5,1,0,0,0,0,0,0
"Grama-Neilson_s-Banana-Bread-Recipezaar",1,2,2,0,0,1,0,0,0.5,0,0,0,0,0
"Honey_banana-Bread-Recipezaar",1,2,2,0,0.25,1,0,0,0.5,0,0,0,0,0
"Very-Peanutty-Chocolate-Banana-Bread-Recipezaar",1,1,2,1,0.5,0,0,1,0,0,0,0,0,0
"banana-bread-MyRecipes-263622",3,2,2,1,1,1,0,1,0,0,1,0,0,0
"Maui-Banana-Bread-_by-Peg-Bracken_-Recipezaar",6,4,2.5,2,1,0,0,3,0,0,0,0,0,0
"Healthified-Banana-Bread-Food_com-150504",4.5,0,4.5,1.5,0.75,3.25,0,0,1,0,0,0,0,0
"Banana-Bread-Food_com-132420",2,2,2,0.5,0.5,0.5,0,2,0.25,0,0,0.5,0,0
"Banana-Bread-Vii-Allrecipes",1.5,3,0,1,0,0,0.5,0,0,0,0,0,0,0
"Kelly_s-Blueberry-Banana-Bread-Recipezaar",3,1,2.5,0.5,1,0,2,0.5,0,0,0.333333333333,0,0,0
"Best-Healthy-Banana-Bread-Recipezaar",1,0.25,1.75,0.666666666667,0.5,0.75,0,0,0,0,0,0,0,0
"Banana-Nut-Bread-_-Sugar-Free-Recipezaar",0.666666666667,0,0,0,1,0,3,0,0,0,0,0,0,0
"Kona-Banana-Bread-Recipezaar",2,4,2,2,1,1,0,0,0,0,0,0,0,0
"Banana-Bread-Once-Upon-A-Chef-199983",1,2,0,0,0,1,0,1,0,0,0,0,0,0
"Fabulous-Banana-Bread-Recipezaar",3,2,1.5,1,1,3,0,0,0,0,0,0.5,0,0
"Tropical-banana-bread-with-macadamia-nuts_-pineapple_-and-coconut-308485",4,2,2,0,0,1,1,0,0,0,0,0,0,0
"Coconut-And-Macadamia-Nut-Banana-Breads-Epicurious",1.33333333333,3,2.25,0,1,0.5,1.5,0,1.5,3,0,0,0,0
"Toasted-Coconut_topped-Cream-Cheese_banana_nut-Bread-My-Recipes",1.5,2,3,2,0.5,0.5,2,0.5,0.75,0,0.25,0,0,0
"Hawaiian-Banana-Nut-Bread-Recipezaar_1",2,3,3,2,0.75,1,1,0,0,0,0,0,0,0
"Bread-Maker-Banana-Oat-Bread-Recipezaar",2,2,1,6,0.5,1,0,1,0,0,0,0,0,0
"Banana-and-Chocolate-Chip-Bread-I-Adore-Food-55269",3,2,2,1,1,0.5,0,1,0,0,0,0,0,0
"Almond-Butter-And-Finger-Bananas-On-Fruit-Bread-Epicurious",2,0,0,0,0,0,0,0,0,0,0,0,0,0
"Banana-Bread-Waffles-With-Cinnamon-Butter-Recipezaar",0,1,0,0,0,0,0.25,0,0,0,0,0.666666666667,0,0
"Guatemalan-Banana-Bread-_-Pao-De-Banano-Recipezaar",1.25,1,2.5,0,1,0,0,3.5,0,0,0.25,0,0,0
"Applesauce-Banana-Bread-Food_com-174862",4,2,0,1,1,1,1,1,0,0,0,0,0,0
"Starbucks-Banana-Walnut-Bread-Food_com-63285",3,1,2,1.125,0.25,1,0.5,0,0,0,0,2,0,0
"Melt-In-Your-Mouth-Banana-Bread-Recipezaar",2,4,2,2,1,1,0,0,0,0,0,0,0,0
"Easy-Banana-Bread-Recipezaar_3",1,2,1.75,0.666666666667,0,1,0,0,0.333333333333,0,0,0,0,0
"Raisin-Banana-Bread-Food_com-178529",0.5,0,0,0,1.5,0,0,0,0,0,1,0,0.75,0
"Banana-Bread-Pudding-With-Caramel-Sauce-My-Recipes",0.5,1,0,0,0,0,0,0,0,0,0,0,0,0
"Old-Fashioned-Banana-Bread-Recipezaar",2,1,1.75,0.5,0.5,1,1,1,5,0,0,0,0,0
"Super-Cheap-Banana-Bread-Recipezaar",3,1,1.5,0.333333333333,1,1,0,0.5,0,0,0.333333333333,0,0,0
"Roasted-Banana-Bread-Pudding-With-Bourbon-Praline-Sauce-Food_com-72789",5,3,0,2,0.25,0,1,0,2,0,2,0,0,0
"Nana_s-Banana-Bread-Recipezaar_1",1.5,1,1.75,0.5,0.5,1,1,0.25,5,0,0,0,0,0
"Bonnie_s-Best-Banana-Bread-_-Bonnie-Stern-Recipezaar",1,1,1.5,0,0.25,1,1,1,0.5,0,0,0.5,0,0
"Peanut-Butter-Banana-Bread-Recipezaar_4",2,0,1.25,1,0.25,0,1,2,0,0,0,0,0,1
"Macadamia-Banana-Bread-Recipezaar_1",1,2,0,0,0,0,1,0,0,0,0,0,0,0
"Incredible-Banana-Bread-Food_com-176302",3,2,2,1.5,0.5,0.75,0,0.25,1,0,0,0,0,0
"Banana_nut-Bread-Recipezaar_1",3,4,5,2.5,1,0.5,2,4,1,0,0,0,0,0
"Big-Moist-Banana-Bread-Recipezaar",1,2,2,0.666666666667,0.5,0.5,0,1,0,0,0.25,0,0,0
"Super-Moist-Banana-Chocolate-Chip-Bread-Food_com-171989",2,4,2.25,0.333333333333,1,1,1,1,0,0,0,0,0,0
"Banana-Nut-Bread-Recipezaar_33",4,4,3.5,1.33333333333,1,0,0,1.5,0.666666666667,0,0,0,0,0
"Banana_date-Flaxseed-Bread-My-Recipes",0.666666666667,2,1.5,0.5,0.5,0.5,0,0.5,0,0,0,0,0,0
"Ultimate-Banana-Bread-Recipezaar",6,4,4,2.5,1.5,2,2,0,1.5,0,0,0,0,0
"Banana-Bread-_with-Cauliflower_-Recipezaar",1.5,0,0.5,0,0.5,0.5,1,0.25,0,0,0,0,0,0.75
"Banana-Nut-Bread-Recipezaar_32",1,1,0,0,0,0,0,0,0,0,0.5,0,0,0
"Coconut-Banana-Bread-Recipezaar",3,0,1.5,1,1,1,0,0,0,0,0,0,0,0
"Blueberry_banana_oat-Bread-Food-Network",1,2,0,0.666666666667,0,0,0,0,0,0,0.25,0,0,0
"Coconut-And-Macadamia-Nut-Banana-Bread-Epicurious",1.33333333333,3,2.5,0,1,0.5,1.5,0,1.5,3,0,0,0,0
"Mum_s-Ono-Banana-Bread_-Recipezaar",1.75,3,2,1,0,2,0,0,0.5,0.25,0,0,0,0
"Lela_s-Banana-Nut-Bread-Recipezaar",3,2,2,1,0.5,1,0.5,1,0,0,0,4,0,0
"Low_fat-Banana-Bread-Recipezaar_1",4,1,1.5,1,0,1,1,0.5,2,0,0,0,0,0
"Banana-Bread-Food_com-149615",3,2,2,1,0.5,1,1,0.5,0.25,0,0,0,0,0
"Easy-Banana-Bread-Food_com-185060",1,2,0,0,0,0,0,0,3,0,0,0,0,0
"Small-Batch-Banana-Nut-Bread-Recipezaar",1,2,1.33333333333,1,0.25,0.75,0,0,0,0,3,0,0,0
"Strawberry-Banana-Bread-_-Disney-World-Recipezaar",2,4,3,0,1,2,0,0,1,0,0,0,0,0
"Brown-Sugar-Banana-Bread-Recipezaar",3,0,3.5,0,0.5,2,1,0.5,0,0,0,0,0,0
"Marie_s-Vegan-Banana-Pecan-Bread-Food_com-76671",3,0,2,0,0.5,0,1,2,0,0,0,0,0,0
"Maple-Banana-Nut-Bread-Recipezaar",3,4,2,0,0.25,0,0,0,0,0,2,0,0,0
"Very-Vanilla-Banana-Bread-Recipezaar",1,2,2,0.25,0.25,1,2,2,2,0.5,0,0,0,0
"Banana-Raspberry-Bread-Recipezaar",3,2,1.75,0.666666666667,0,0.5,0,1.5,0,0,0,0,0,0
"Banana-Bread-Cookies-Recipezaar_1",2,0,0,1,0.5,0,1,1,0.25,0,0,0,0,1
"Banana-Bread-Cookies-Recipezaar_3",1,2,0,0.5,0,0.5,0.5,0,0.5,0,0,0,0,0
"Easy-Banana-Bread-Recipezaar_4",3,1,1.5,1,1,1,0,0,0,0,0,0,0,0
"Edible-Candles-_-Decoration-For-Banana-Bread_-Banofee-Cheesecake-Recipezaar",1,0,0,0,0,0,0,0,0,0,0,0,0,0
"Super-Moist-Banana-Bread-Recipezaar_2",5,4,2,2,1,2,0,0,0,0,0,0,0,0
"Vegan-Banana-Bread-Recipezaar_2",6,0,2,1,0,1,1,1,0,0,0,0,0,0
"Banana-Blueberry-Chocolate-Chip-Bread-Recipezaar",4,1,1.25,0.75,0,0,0,1,0.25,0,0,0,0,0
"Super-Moist-Banana-Bread-Recipezaar_1",2,2,2.5,1.5,1,0.5,1,2,0,0,0,0,0,0
"Caramel-Banana-Bourbon-Bread-Pudding-Recipezaar",3,0,0,2,0,0,0,0,0.25,0,0,0,0,0
"Pink-Banana-Bread-Food_com-146851",2,2,2.5,1,1,0.25,0,2,0,0,0,0,0,0
"Low_fat-Applesauce-Banana-Bread-Recipezaar",3,0,2,1,0,0.5,1,1.5,0,0,0,0,0,0
"My-Favorite-Banana-Bread-Recipezaar_1",1.5,2,2,1,0.5,0.5,1,1,0.5,0,0,0,0,0
"Blueberry-Banana-Bread-_lower-Fat_-Recipezaar",4,2,3,0.75,1,0,2,1,0,0,3,0,0,0
"Mimi_s-Banana-Bread-Recipezaar",1,2,1.33333333333,0.666666666667,0.75,0.5,0,0.25,5.33333333333,0,0,0,0,0
"Banana-Bread-Food_com-130659",3,2,1.66666666667,0.666666666667,0.5,0.25,1.5,2,0,0,0,0,0,0
"Classic-Banana-Nut-Bread-Recipezaar",3,2,2,1,1,0.5,1,1,0,0,0,0,0,0
"Gluten_-Free-And-Vegan-Banana-Blueberry-Bread-Recipezaar",2,0,0,0,0.5,0,0,2,0,0,0,0,0,0
"Banana-Nut-Bread-Recipezaar_4",1,2,1.75,1,0,0.5,0,1,0.5,0,0,0,0,0
"Slow-Cooked-Banana-Bread-Food_com-292983",1.5,2,1.75,0.666666666667,0.5,0.25,0,2,0,0,0,0,0,0
"Banana-Bread-Recipezaar_65",2,1,2,1,0.5,1,0,0,0,0,0,0,0,0
"Banana-Bread-Recipezaar_62",3,2,1.5,1,0.5,0.5,1,0,0,0,0,0,0,0
"Banana-Bread-Recipezaar_63",3,1,1.5,1,0,1,1,0.5,0.25,0,0,0,0,0
"Banana-Bread-Recipezaar_60",3,2,1,0,1,1,1,0,0,0,0,0,0,1
"Banana-Bread-Recipezaar_61",3,2,2,0.75,0.5,1,2,0,6,0,0,0,0,0
"Coconut-Banana-Bread-TasteOfHome",2,2,2.75,1.5,0.5,1.25,1,0,1,0,0,0,0,0
"Caribbean-Coconut-_banana_-Bread-Recipezaar",2,1,2.75,0,0,0,0,2,0,0,0,0,0,0
"Vanilla-Banana-Bread-Recipezaar",2,2,1.75,1,0.25,1,2,0.5,0.5,0,0,0,0,0
"Banana-Bread-Recipezaar_68",1,2,1.75,0.666666666667,0.5,0.25,0,2,0,0,0,0,0,0
"Stevia-Whole-Wheat-Banana-Bread-Food_com-117797",1,2,0,0,0.5,1,1,0,0.25,0,0.333333333333,0,0,1.5
"Norm_s-Banana-Nut-Bread-Recipezaar",1,2,1.33333333333,1,0.75,0.25,1,2,0,0,0.5,0,0,0
"Banana-Soda-Bread-Recipezaar",2,0,0,0,1,0,0,0,0,0,0,250,0,200
"Pumpkin-Banana-Bread-Recipezaar_1",1,0,1,0.5,0.25,0.5,1,0.5,0,0,0,0,0,1
"Healthier-Banana-Bread-Recipezaar_1",1,2,0.75,0,0.75,1,0,0,0,0,0.25,0,0,0.5
"Banana-Cornflake-Bread-Recipezaar",0.5,2,1.5,0.5,0.5,0.5,0,2,0.25,0,0,0,0.25,0
"Maple_banana-Bread-With-Flax-Recipezaar",2,2,1,0,0.5,0.5,0.5,2.5,0,0,0,0,0,0.75
"Banana-Bread-Muffins-Low-Carb-Low-Sugar-Recipezaar",8,1,0.5,0,0,1,1,1.5,0,0,0,0,0,0
"Banana-Nut-Bread-Jam-Recipezaar",10,0,0,0,0,0,0,0,0,0,0,0,0,0
"Banana-Bread-Pudding-Food_com-85543",3,4,0,0,0,0,0,0,0.5,0,2.5,0,0,0
"Banana-Bread-Recipezaar_134",3,2,2,0.75,0.5,1,1,0,0.5,0,0,0,0,0
"Banana-Bread-Recipezaar_136",3,2,2,1,1,1,0,0,0,0,0,3,0,0
"Banana-Bread-Recipezaar_131",1,2,2,1,0.25,0.5,0,1.5,0,0,1.5,0,0,0
"Banana-Bread-Recipezaar_133",1.5,2,3,2,0.5,1.5,0.5,1.5,0.75,0,0,1.125,0,0
"Yummy-Banana-Nut-Bread-Food_com-167537",2,3,3.5,0,1,1,0,1,0,0,0,0,0,0
"Banana-Bread-Recipezaar_93",3,2,1.75,0.666666666667,0.5,0.25,0,2,5.5,0,0,0,0,0
"Banana-Bread-Recipezaar_92",2,2,2,2,0,1,0,0,0,0,0.25,0,0,0
"Banana-Bread-Recipezaar_90",1,1,1.75,0,0.5,0,0,2.25,0,0,0,0,0,0
"Banana-Nut-Bread-Iii-Allrecipes",1,2,1.75,1,0.5,0.25,1,2,0,0,0,0,0,0
"Banana-Bread-Recipezaar_95",2,1,2,0,0.5,0.75,1,1.5,0,0,0,1,0,0
"Boy-Or-Girl-Banana-Bread-Recipezaar",3,2,1,0.75,0.5,1,1,0,0,0,0,0,0,1
"Banana-Nut-Bread-Food_com-129436",1.33333333333,3,0,0.666666666667,0,0,0.5,0,0,0,0.25,0,0,0
"Moist-Banana-Pumpkin-Bread-Recipezaar",1,2,1.75,0.5,0.5,1,0,0.5,0,0,0.25,0,0,0
"Easy-Banana-Bread-Recipezaar_1",1,1,2.5,1.25,1,0,0.25,3,0,0,0.75,0,0,0
"Banana-Split-Bread-TasteOfHome_1",1,1,2,1,0,0.5,0,1,0.5,0,3,0,0,0
"Healthier-Banana-Bread-_lower-Fat_-Flax_-Ww-Flour_-Less-Sugar_-Recipezaar",4,2,0,0,1,2,0,0,0,0,0,0,0,4
"Best-Ever-Banana-Bread-Recipezaar_1",3,4,2.5,2,1,1,0,0,1,0,0,0,0,0
"Chelle_s-Banana-Bread-Recipezaar",1.5,2,1.66666666667,1,0.5,1,0,0.25,0,0,0,0,0.333333333333,0
"Banana-Bread-Food-Network",1,2,0,0.75,0.5,1,1.5,0.75,10,0.5,0,0,0,0
"Creamy-Banana-Bread-Food_com-95352",1,2,2.25,1.25,0,0.5,1,1.5,0,0,0,0,0,0
"Carrot-Banana-Bread-TasteOfHome",1,2,2,1,0.5,1,0,0,0,0,0,0,0,0
"Banana-Date-Bread-MyRecipes-249139",1.33333333333,1,2,0.75,0.25,0.75,0,0,0,0,0,0,0,0
"Asian-Banana-Chai-Bread-Recipezaar",0.75,2,1.75,0.75,0.5,0,0,1,0,0,0,0,0,0
"Banana-Nut-Bread-Recipezaar_36",1.5,3,3,2,0.75,1,2,0,0,0,0,0.5,0,0
"Banana-Nut-Bread-Recipezaar_35",1,2,1.75,0.5,0.5,0.5,0,1,0,0,0,0,0,0
"Banana-Nut-Bread-Recipezaar_34",3,2,2.5,1.66666666667,1,1,0,1.25,0,0,0,0.666666666667,0,0
"Chewy-Banana-Oatmeal-Bread-_a_b_m_-Recipezaar",1,0,0,2.5,1,0,0,0,0,0,0,0,0.5,0
"Caribbean-Banana-Lime-Bread-Food_com-76393",3,2,2,0,0.5,0,0,1,0.5,0,0,0,0,0
"Chocolate_banana-Bread-Puddings-Recipezaar",3,2,0,0,0,0,2,0,1,0,1,0,0,0
"Honey-Banana-Bread-Food_com-185774",3,0,1,0.25,0.5,0.75,0,0,0,0,0,0,0,1
"Crumb-Topped-Cocoa-Banana-Bread-Food_com-155246",1,2,3,0,0.5,1,0,0.25,1,0,0,0,0,0
"Banana-Bread_-No-Oil-Or-Butter-Recipezaar",3,1,1,0,1,0,0,3.5,0,0,0.333333333333,0,0,0
"Banana-Bread-Low-Fat-Recipezaar",2,2,1.75,0.666666666667,0.5,0.5,0.75,2,0,0,0,0,0,0
"Wonderful-Banana-Bread-Recipezaar",2.5,2,1.5,0,0.25,1,0,0,0.25,0,0,0,0,0
"Banana-Blueberry-Pistachio-Nut-Bread-Recipezaar",4,2,2,0.5,0.5,0.25,0,1,0.333333333333,0,0,0,0,0
"Banana-Bread-_-With-Cauliflower_-Food_com-175299",1.5,0,0.5,0,0.5,0.5,1,0.25,0,0,0,0,0,0.75
"Family-Favorite---Toffee-Banana-Bread-Food_com-287648",4,4,3,1.5,1.5,1.5,1.5,0,0.25,0,0,0,0,0
"Best-Banana-Bread-Food_com-87714",5,4,3.5,2,1,2,2,2,1,1,0,0,0,0
"Mama_s-Old_time-Banana-Nut-Bread-Recipezaar",3,2,1.25,1,1,1,0,0,0,0,0,0,0,0
"Chocolate-Banana-Bread-Pudding-Recipezaar_1",3,4,0,0.75,0,0,0,0,0,0,0,0,0,0
"Banana-Bread-Iii-Allrecipes",6,0,3,2,0,0,0,1,0,0,1,0,0,0
"Coconut-Cream-Banana-Nut-Bread-Recipezaar",1,2,2,0,0.25,0.5,1,1,0.5,0,0,0,0,0
"Raspberry_banana-Oat-Bread-Recipezaar",1,2,0,0.666666666667,0,0,0,0,0,0,0.25,0,0,0
"Banana-Bread-Recipezaar_13",1,2,2,1,0.5,1,0,0,0.5,0,0.333333333333,0,0,0
"Hungry-Girl_s-Better-Off-Banana-Bread-Recipezaar",1.5,0,0.25,0.5,0.5,0,1,2,0,0,0,0,0,1.25
"Down-Home-Banana-Bread-Pudding-Recipezaar",4,2,0,0,0,0,0.5,0,0,0,1,0,0,0
"Carrot_-Banana-and-Ginger--Bread-_Gluten-Free_-Food_com-152088",1,5,0,0,0.125,0,0,2,0,0,0,0,0,0
"Carrot-Banana-Bread-Recipezaar",2,2,2,1,0.5,1,0,0,0,0,0,0,0,0
"Brown-Butter-Banana-Bread-Food_com-153855",4,2,2,0,0.5,0.25,1,1,8,0,0,0,0,0
"Heavenly-Bananas-Foster-Bread-Pudding-Recipezaar",3,3,0,0,0,0,2,0,0,0,2.25,0,0,0
"Best-Banana-Bread-Ever-Ever-Ever_-Recipezaar",3,3,0,0,0,0,0,0,0,0,0,0,0,0
"No_egg_-No_oil_-Banana-Raisin-Whole-Wheat-Bread-Recipezaar",3,0,0,0,1,0,0,1,0,0,0,0,0,0
"Banana_pumpkin-Bread-Recipezaar",0.5,1,3,1.33333333333,0,1,1,1,0,0,0,0,0,0
"Chai-Banana-Bread-Food_com-179173",3,2,1.75,0.75,0.5,0,1,1,0,0,0,0,0,0
"Best-Banana-Nut-Bread-Recipezaar",1,2,1.75,0.666666666667,0.75,0.5,0,1.25,0,0,2,0,0,0
"Bettye_s-Best-Banana-Bread-Food_com-155692",1,2,1.75,1,0.25,1,1,0,0.75,0,0,0.25,0,0
"Banana-Tea-Bread-Recipe-Recipezaar",1,2,1.75,0.666666666667,0.5,0.25,0,2,0,0,0,0,0,0
"Lizzie_s-Favorite-Banana-Bread-With-Chocolate-Recipezaar",1.5,2,2,0.75,0.25,0.75,1,0,6,0,0,0,0,0
"Banana-Cranberry-Bread-Allrecipes",3,3,4,2.5,0,1.5,1,1.5,0,0,0.5,0,0,0
"Kona-Inn-Banana-Bread-Food-Network",2,4,2.5,2,1,2,0,0,0,0,0,0,0,0
"Buttermilk-Banana-Bread-Recipezaar_2",4,4,1,2,1,2.5,0,0.5,0.5,0,0,0.75,0,0
"Nutty-Banana-Bread-Food_com-163607",1.25,2,1.75,0,0.5,1.5,0,0,0,0,0,0.333333333333,0,0
"Banana-Carrot-Bread-Recipezaar",1,2,1,0,0.5,1,0,0,0,0,0,0,0,0
"Banana-Nana-Bread-Food_com-184890",3,2,2.25,0,0.25,1,0,0,0.5,0,0,0,0,0
"Hawaiian-Banana-Bread-Recipezaar_3",6,4,0,0,1,2,0,0,0,0,0,0,0,0
"Hawaiian-Banana-Bread-Recipezaar_2",1.5,2,2.5,1.25,1,1,1,0,0.5,0,0,0.5,0,0
"Bread-Machine-Peanut-Butter-_-Banana-Bread-Recipezaar",1,1,0,0,1,0,0,0,0,0,0,0,1,0
"St_-Martin-Banana-Bread-Recipezaar",3,2,1.125,1.125,0,2.125,0,0,0,0,0.25,0,0,0
"Melt-in-Your-Mouth-Banana-Bread---Healthy-Version-Food_com-82061",2,0,0.5,0.75,1,1,0,0,0,0,0,0,0,1.5
"Tropical-Banana-Bread-Recipezaar_2",3,1,1.5,1,1,1,0,0,0,0,0,0,0,0
"Banana-Oatmeal-Bread-_-Bread-Machine-Recipezaar",0.666666666667,1,0,0,1,0,0,0,0,0,0,3,0.25,0
"Southern-Living_s-Toasted-Coconut-Cream-Cheese-Banana-Nut-Bread-RecipeZaar-59707",1.5,2,1.5,2,0.5,0.5,0.5,0.5,0.25,0,0,1,0,0
"Yummy-Peanut-Butter-Cup-and-Banana-Bread-Food_com-153441",5,2,2,1,1,0.5,0,1,0,0,0,0,0,0
"Martha-Stewart_s-Banana-Bread-Food_com-76704",1,2,1.5,1,1,1,1,0,0.5,0.5,0,0,0,0
"Blender-Banana-Bread-Recipezaar",3,1,2.5,1,0.5,0,0,3,0.333333333333,0,0.5,0,0,0
"Strawberry-Banana-Bread-Recipezaar",1,2,2,0.75,0.25,1,1,0.125,0,0,0,0,0,0
"Nana_s-Banana-Bread-Food_com-185187",2,1,1.75,0,0.5,1,1,0.25,5,0,0,0,0,0
"Healthy-Banana-Bread-Recipezaar_4",5,0,0.5,0,0.25,0.5,0,1.5,0,0,0,0,0,1.5
"Banana-No_nut-Bread-Recipezaar",1,2,1.75,0.75,0.5,0.5,0,1,0,0,0,0,0,0
"Michele_s-Banana-Nut-Bread-Recipezaar",3,2,0,0,0,0,0,0,0,0,0,0,0,0
"Moist-Banana-Nut-Bread-Recipezaar",3,2,1.5,1.5,0,0.5,1,0.25,0.5,0,0,0,0,0
"Low_fat-Banana-Bread-Epicurious",1,2,1.75,0.75,0.5,0.5,1,2,0,0,0,0.333333333333,0,0
"Low_fat_-High_fiber-Yummy-Banana-Bread-Recipezaar",2,0,1,0,0,1,1,2,0,0,0,0,0,0
"Uncooked-Banana-Bread-Recipezaar",4,0,0,0,0,0,0,0,0,0,0,0,0,0
"Martha-Stewart_s-Banana-Bread-Recipezaar",1,2,1.5,1,1,1,1,0,0.25,0.5,0,0,0,0
"Nutty-And-Wheaty-Banana-Bread-Recipezaar",3,0,1.25,0,0,0,0,0,0,0,0,0,0,0
"Banana-Bread-With-Walnuts-And-Orange-Zest-Recipezaar",2,2,1.5,0,0.5,0.5,0,2,6,0,0.5,0,0,0
"Cranberry-Banana-Bread-Recipe-Taste-of-Home-44718",1,2,1,0.666666666667,0.5,0.5,0,1,0,0,0,0,0,0
"Back-in-Business-Banana-Bread-Pudding-Food-Network-284568",2,4,0,0.5,0.5,0,0.5,0,1,0,3,0,0.25,0
"Banana-Coffee-Bread-MyRecipes-238433",0.75,2,1,1,0.5,0.75,0,0,0,0,0,0,0,0
"Banana-Bread-_-Quick-Bread-For-Machines-Allrecipes",2,2,2,0.75,0,0.5,0,1,0,0,0,0,0,0
"Banana-And-Mango-Bread-Recipezaar",1.5,3,3,0,0.5,0,0,0,1,0,0,0,0,0
"Close-As-It-Gets-Banana-Bread-Recipezaar",1.66666666667,0,0.666666666667,0,0.5,1,0,0,0.25,0,0,0.25,0,1
"White-Chocolate-Banana-Bread-Pudding-Food_com-111249",0,3,0,0.5,0.5,0,1,0,0,0,2,0,0,0
"Gluten_free-Banana-Bread-Recipezaar",2,1,0,0,0.25,0.25,0.5,4,0,0,0.5,0,0,0
"Zucchini-Banana-Bread-Recipezaar_2",1,2,1.5,0,1,0.5,2,0.25,0,0,0,0,0,0
"Red-Banana-Pineapple-Bread-Serious-Eats-41796",0,2,1.66666666667,1,0.25,1,1,0,0,0,0,0,0,0
"Banana-Bead-for-the-Bread-Machine-Food_com-107815",1.5,2,2,0.666666666667,0.5,1,2,0.5,0,0.5,0,0,0,0
"Banana-Pumpkin-Bread-With-Orange-Cream-Cheese-Spread-Food_com-165272",3,3,5,1.5,0,1,0,0,0,0,0,0,0,0
"Banana-Bread_-Banana-Bomb-Bread-Recipezaar",1.25,1,1,0,0.125,0.5,0,0,0.25,0,0,0,0,0
"Eggless-Banana-Bread-Recipezaar_1",3,0,0,1,1,1,1,0,0,0,0,0,0,0
"Vegan-Spelt-Banana-Bread-Recipezaar",3,0,0,0,0.25,1.5,0,0,0,0,0,0,0,0
"Banana-Cranberry-Bread-Recipezaar_1",3,3,4,2.5,0,1.5,1.5,1.5,0,0,0.5,0,0,0
"Low-Fat-Banana-Oat-Bread-Recipezaar",1.5,0,2,0.5,0.5,2,0.5,0,0,0,0,0,0,0
"Eggless-Caribbean-Banana-Bread-Recipezaar",3,0,2,0,1,0.75,0,0,0.5,0,0,0,0,0
"Low-Fat-Banana-Bread-Food_com-287546",3,4,0,0,1,1,1,2,0,0,0,0,0,0
"Banana-Bread-Oatmeal-Recipezaar",0.5,0,0,0,0,0,0,0,0,0,0,0,0,0
"Banana-Apple-Bread-Recipezaar",3,2,2,0,0.5,1,0,0,0,0,2,0,0,0
"Simple-Banana-Chocolate-Chip-Bread-Recipezaar",3,2,2,0.75,1,1,0,0,0,0,0,0,0,0
"Cranberry-Banana-Nut-Bread-Recipezaar",2,3,3.5,1.33333333333,0,0.25,0,0,0,0,0,0,0,0
"Mocha-Banana-Bread-Recipezaar",1.5,2,2,0.75,0.5,0.75,1,0,0.25,0,0,0,0,0
"Berry-Banana-Bread-_pampered-Chef_-Recipezaar",1,4,3,2,0.5,1,0,0,0,0,0,0,0,0
"Cranberry-Banana-Bread-Recipezaar",1,2,2,1,0,0,0,2,0,0,0.25,0,0,0
"Banana-Macadamia-Nut-Bread-Recipezaar_1",2,2,2,0.75,0.5,1,1,0,0.5,0,0,0,0,0
"Loaded-Banana-Bread_vegan-Style_-Food_com-97656",3,0,2,0.5,0.5,0.5,1,2,0.5,0,0,0,0,0
"To-Die-For-Banana-Bread-Recipezaar",4,2,2,1,0.5,1.5,1,0,0.75,0,0,0,0,0
"Lynne_s-Banana-Bread-Food_com-137256",1,2,1.75,0.666666666667,0.5,0.25,0,2,0,0,0,0,0,0
"All-Bran-Banana-Bread-Recipezaar",1,1,0,0,0,0,0,2,0,0,0,0,2,0.75
"Banana-Bread-And-Butter-Pudding-Recipezaar",2,3,0,0,0,0,2,0,0,0,0,0,0,0
"Banana-Bread-Cookies-Recipezaar",6,0,2,0.5,0,1,2,0,0,0,0,0,0,0
"Banana_apricot-Walnut-Bread-Recipezaar",2,2,1.75,0,0.5,1,1,2,0.5,0,0.5,0,0,0
"Sourdough-Banana-Bread-Recipezaar",1,1,2,1,1,0.5,0,1,0,0,0,0,0,0
"100_stroke-Banana-Bread-Recipezaar",3,1,1.5,1,1,1,0,0,0,0,0,0,0,0
"Banana-Bread-Recipezaar_39",3,2,2.5,1.25,1,1,1,0,0.5,0,0,0.5,0,0
"Banana-Pecan-Coconut-Muffins-or-Bread-Food_com-143226",2.5,2,2,0,0.25,1,0,0,0.5,0,0,0,0,0
"Mels-Healthy-Banana-Bread-Recipezaar",1.33333333333,0,1,0,0.25,1,1,0,0,0,0,0,0,1
"A-Healthier-Banana_s-Foster-Pseudo-Bread-Pudding-Food_com-280400",2,0,0,0,0,0,0,0,2,0,0,0,0,0
"Bananaey-Banana-Bread-Recipezaar",1,2,2,1,0,0.5,1,0,0.5,4,0,0,0,0
"Banana-Bread-French-Toast-Food_com-118677",0,3,0,0,0,0,1,0,2,0,0,0,0,0
"Banana-Bread-Recipezaar_31",1,2,1.5,0,0,0.5,0,1,0.333333333333,0,0,0,0,0
"Two_tone-Banana-Bread-For-Chocolate-Lovers_-Recipezaar",1.5,2,2,1,0.25,0.5,0,1.5,0.5,0,0,0,0,0
"Banana-Bread-Recipezaar_35",6,1,2,2,0.5,1,2,0.25,4,0,0,0,0,0
"Banana-Bread-Recipezaar_34",1,0.25,1.5,0.75,0.125,0.25,0,1.5,0,0,0,0,0,0
"Banana-Bread-Recipezaar_37",1,2,1.5,1,1,1,1,0,0.5,0.5,0,0,0,0
"Banana-Bread-Recipezaar_36",0.75,2,1.25,1,0.5,0.75,1,0,0,0,0,0,0,0
"Better-Banana-Bread-Recipezaar",3,2,2,0.75,0.5,0.75,1.5,0,8,0.333333333333,0,0,0,0
"Bisquick-Banana-Bread-Recipezaar",1.5,3,0,0.75,0,0,0.5,0,0,0,0,0,0,0
"Molasses_oat-Banana-Bread-Or-Muffins-_lower-Fat_-Recipezaar",1,2,1,0.666666666667,0.5,1.25,2,0,0.25,0,0,0,0,0.5
"The-Ultimate-Reese_s-Peanut-Butter-Banana-Bread-Recipezaar",5,5,2,2,0.25,1,0,0,1.5,0,0,0,0,0
"Yummy-Banana-Bread-Recipezaar_2",1,2,1.5,1,1,1,1,0,0.5,0.5,0,0,0,0
"Where-Old-Bananas-Go-to-Die-Bread-Food_com-91046",5,1,2,0,0.5,1,1.5,0,0,0,0,0,0,0
"Moist-Banana-Bread-Food_com-97278",2.33333333333,2,2,0,0.5,1.5,1,1,0.75,0,3,0,0,0
"Low-Fat-Sugar-Free-Banana-Bread-Food_com-118204",1,2,2,0,0,0.5,0,1.5,0,0,0,0,0,0
"Stacie_s-Sour-Cream-Banana-Bread-Recipezaar",2,2,2.5,1.5,0.25,1,1,1,0,1,0,0,0,0
"Perfect-Banana-Bread-Recipezaar",1.5,3,2.5,0,0.75,0.75,1,1.25,0.5,0,0,0.25,0,0
"Cooking-Light-_toni_s_-Banana-Bread-Recipezaar",1,1,1.75,0.666666666667,0.5,0.75,0,0,0,0,0,0,0,0
"Cinnamon-Banana-Bread-Recipezaar",1,2,2,0.75,0.5,1,0,1,0,0,0,0,0,0
"The-Best-Banana-Nut-Bread-Recipezaar",3,2,2,0.5,0.5,1,0,0,0.5,0,0,0,0,0
"Banana-Pumpkin-Zucchini-Bread-Recipezaar",2,0,2,1.5,0.25,1,1,0.25,0,0,0,0,0,0
"Low-Fat-Fruit-and-Nut-Banana-Bread-Food_com-148474",5,0,0.333333333333,0,0,1.5,0,2,2,0,0,0,0,1.25
"Banana-Nut-Pineapple-Bread-Recipezaar",2,3,3,2,0.75,1,2,0,0,0,0,0,0,0
"Joseph_s-Bellyicious-Banana-Blueberry-Bread-Recipezaar",3,2,2.5,1,1,1.5,1,1,0,0,0,0,0,0
"No-Butter-Banana-Bread-Food_com-83069",0,2,2,1,1,1,1,0,0,0,0,0,0,0
"Peanut-Butter_cream-Cheese_banana_nut-Bread-My-Recipes",1.5,2,0.25,0,0.5,0.5,0.5,0.5,0.25,0,0,1,0,1.5
"Indescribably-Delicious-Banana-Bread-Food_com-137621",4,2,2,10,1,1.5,1,0,6,0,5,0,0,0
"Cinnamon-And-Whole-Wheat-Banana-Bread-Recipezaar",1,2,0,0,0.5,1,0,0,0,0,0,0,0,0
"Aunt-Muriel_s-Banana-Bread-Recipezaar",0,1,1.5,0.75,0.5,1,1,0.5,0,0,0,0.333333333333,0,0
"Briggi_s-Astounding-Banana-Bread-Food_com-140760",4,2,1.5,1,0,1.5,1,0,0.5,0,0,0,0,0
"Best-Banana-Bread-Recipezaar_4",3,0,0,0,0.25,1.5,1,0,0,0,0,0,0,1.5
"Best-Banana-Bread-Recipezaar_7",5,3,3.5,1.5,1,1,0,1,0,0,0.75,0,0,0
"Best-Banana-Bread-Recipezaar_6",2,2,2,0,0.5,0.5,0.5,1.5,0.5,0,0,0,0,0
"Best-Banana-Bread-Recipezaar_1",2,2,1.5,0.75,1,1,1,0,0,0,0.5,0,0,0
"Best-Banana-Bread-Recipezaar_3",3,2,2,0.5,0.5,0.75,1,0,6,0,0,0,0,0
"Dorothy_s-Banana-Nut-Bread-Recipezaar",3,2,0,1.5,1,1,2,0,0,0,0,0.5,4.5,2
"Low-Fat-Honey-Banana-Bread-Recipezaar",1,0,0,0,0,0.75,0,1.5,0,0,0,0,0,2
"Sweet-Banana-Bread-Recipezaar",1.33333333333,2,1.75,0.666666666667,0.75,0.5,0,1.25,0,0,2,0,0,0
"Zoobana-_zucchini-Banana_-Bread-Recipezaar",2,0,3,1,1,1,3,0.25,0,0,0,0,0,0
"Sugar-Free-Banana-Bread-Crumble-Food_com-181393",2,0,0.25,0,0,0,0,0,0,0,0,0,2,0
"I-Can_t-Believe-It_s-Reduced_fat-Whole-Wheat-Banana-Bread-Recipezaar",5,4,0,0,1,2,3,1,0,0,0,0,0.5,3.5
"Cranberry-Banana-Oat-Bread-Food_com-108206",1.25,2,1.25,0,0.5,0,0,1,0,0,0,0,0,0
"White-Chocolate-Banana-Bread-Recipezaar_1",2,2,2,0.75,0.5,1,1,0,0,0,0,0.25,0,0
"Lower-Fat-Banana-Bread-_-Muffins-Food_com-177467",0,1,0,0.5,0,1,1,0.5,0,0,0,0,0,1
"Mpls_-Public-High-School-_-Home-Ec_-Banana-Bread-Recipezaar",1,2,2,1,1,1,0,0,0,0,0,3,0,0
"Peanut-Butter-Banana-Bread-Food_com-188905",1,2,0,0.666666666667,0.25,0.25,1,1.5,0,0,0.5,0,0,0
"Orange-You-Glad-I-Said-_-Banana_-Bread-Recipezaar",6,4,0,2,1,2,0,0,1,0,0,0,0,0
"Banana_oat-Quick-Bread-My-Recipes",1,0,1.5,0,0.25,0,0,2.5,2,0,0,0,0,0
"Whole-Wheat-Honey-Banana-Bread-Recipezaar",4,0,0.5,0,0,0.75,0,1.5,0,0,0.5,0,0,1.5
"Healthy_-Low-Calorie-Banana-Bread-Recipezaar",4,1,0.75,0,0,1,1,0.5,0,0,0,0,0,0
"Creamy-Banana-Bread-Allrecipes",1,2,2.25,1.25,0,0.5,1,1.5,0,0,0,0,0,0
"Whole-Wheat-Organic-Banana-Nut-Bread-With-Raisins-Recipezaar",4,2,1.25,0,1,1,0,0,0,0,0,0,0,0.5
"Angie_s-Low-Cal-Low-Fat-Banana-Bread-Recipezaar",2,0,0.75,0,0,1.5,0,0,2,0,0,0,0,0
"Bananas-Foster-Bread-Pudding-With-Vanilla-Ice-Cream-And-Caramel-Sauce-Food-Network",6,4,0,0,0,0,1,0,9,0,1,0,0,0
"Low-Fat-Banana-Bread-Food_com-163410",3,2,1,0.5,0,1,0,1,0,0,0,0,0,1
"Whole-Wheat-Banana-Bread-TasteOfHome",2,2,0.75,1,0.25,1,1,0,0,0,0,0,0,0
"Banana-Nut-Crunch-Bread-Recipezaar",2,0,0,0,1,0,0,0,2,0,0,0,0.75,1
"Crock-Pot-Banana-Bread-Recipezaar",1.5,2,1.75,0,0.5,0.25,0,2,0,0,0,0,0,0
"Power-Banana-Bread-Food_com-132482",1,2,1,0.5,0.25,0.5,0,2,0,0,2,0,0,0.75
"Banana-Split-Bread-Recipezaar_2",1.5,4,3.5,1.25,0.5,1,0,2.5,0,0,0,0,0,0
"Whole-Wheat-Honey-Banana-Bread-Recipe-Recipezaar",0.75,0,0,0,0.25,1,0,2,0,0,0,0,0.5,2
"_modified_-Banana-Bread-By-Paula-Deen-Recipezaar",3,2,1.5,0.75,0.5,1,1,1,0.25,0,0,0,0,0
"My-Favorite-Banana-Bread-Food_com-83991",3,2,4,1.5,0.5,0,1,2,0,0,0.5,0,0,0
"Yogurt-Banana-Bread-Recipezaar_1",3,2,0,0,0.5,0,0,1,0,0,0,0,0,2
"Gram_s-Banana-Bread-Recipezaar",0.75,2,1.25,1,1,0.75,0,0,0,0,0,0,0,0
"Banana-Nut-Bread-Food-Network",5,2,1,0.5,0.25,0.5,0,5.5,5,0,0,0.25,0,1
"Chocolate-Chip-Banana-Bread-Recipezaar_6",1,2,2,1,1,0.5,0,1,0.5,0,0,0,0,0
"Banana-Bread-TasteOfHome",1,0,2,0.666666666667,0.25,0.25,0,2,0,0,0,0,0,0
"Banana-Bread-Topped-With-Coconut-Recipezaar",4,2,1.66666666667,1,0.5,1,0,0.5,0.333333333333,0,0,0,0.333333333333,0
"Chocolate-Banana-Bread-Pudding-Allrecipes",2,4,0,1,0,0,1,0,0,0,2,0,0,0
"Paula-Deen-Banana-Bread-Recipezaar",4,2,2,1,1,1,0,2,0.5,0,0,0,0,0
"Banana-Whole-Wheat-Bread-Recipezaar",1,1,0,0,1,0,0.5,0,0,0,0,0,0.666666666667,1.5
"Lynda_s-Banana-Bread-Recipezaar",3,2,2,1,0,1,1,0,0,0,0,0,0,0
"Black-Walnut-Banana-Nut-Bread-Recipezaar",1.5,4,3,2.25,0,1.5,0,0,0,0,0,6,0,0
"Banana-Nut-Bread-Ala-Sam-Recipezaar",3,2,2,0.75,1,1,0,0,0,0,0,0,0,0
"Banana-Nut-Corn-Bread-Recipe-Taste-of-Home-44116",1,0,0,0,0,0,0,0,0,0,1,0,0,0
"Classic-Banana-Bread-Recipezaar_1",1.5,2,2,1,0.5,0.75,1,0,0.25,0,0,0,0,0
"Banana-Bread-Food_com-127567",1,1,1.5,0,1,1,0,0,0,0,0,0,0,0
"Healthy-Blueberry_banana-Bread-Recipezaar",3,2,1,0.5,0.5,0,0,2.5,0,0,0,0,0,0.5
"Fuzzypugs-Raspberry-Dark-Chocolate-Banana-Bread-Food_com-79172",3,0,1.25,0,0.5,1,0,0,0.25,0,0,0,0,0
"Banana-Bonanza-Bread-_vegan_-Recipezaar",6,0,2,0.5,0,1,1,1,0,0,0,0,0,0
"Yankee-Banana-Bread-Recipezaar",1,0,0,0,0.75,1,0,0,0,0,0,1,0,2
"Miracle-Whip-_take-5_--Banana-Bread-Food_com-116908",1,0,2,0.75,0,2,0,0,0,0,0,0,0,0
"Banana-Bread-3-Recipezaar",4,2,2,1,0.5,1,1,0,0,0,0,0,0,0
"Applesauce-Banana-Bread-Recipezaar",4,2,2,1,1,1,1,1,0,0,0,0,0,0
"Perfect-Banana-Bread-Recipezaar_1",3,2,2,1,0.25,0.75,1,0.25,6,0,0,0,0,0
"Banana-Tea-Bread-Recipezaar_2",2.5,2,1.75,0.666666666667,0.5,0.25,0,2,0,0,0,0,0,0
"Mom-Cooper_s-Banana-Bread-Recipezaar",3,4,3,2,1,2,1,0,0.333333333333,0,0,0,0,0
"Reduced_calorie-Banana-Bread-Recipezaar",1,0,1.5,0.75,0.125,0.5,0,1.25,0,0,0,0,0,0
